-- phpMyAdmin SQL Dump
-- version 4.6.6deb5
-- https://www.phpmyadmin.net/
--
-- Client :  localhost:3306
-- Généré le :  Dim 07 Mars 2021 à 11:02
-- Version du serveur :  10.3.27-MariaDB-0+deb10u1
-- Version de PHP :  7.3.27-1~deb10u1

SET SQL_MODE = "NO_AUTO_VALUE_ON_ZERO";
SET time_zone = "+00:00";


/*!40101 SET @OLD_CHARACTER_SET_CLIENT=@@CHARACTER_SET_CLIENT */;
/*!40101 SET @OLD_CHARACTER_SET_RESULTS=@@CHARACTER_SET_RESULTS */;
/*!40101 SET @OLD_COLLATION_CONNECTION=@@COLLATION_CONNECTION */;
/*!40101 SET NAMES utf8mb4 */;

--
-- Base de données :  `data`
--

-- --------------------------------------------------------

--
-- Structure de la table `callbacks`
--

CREATE TABLE `callbacks` (
  `id` int(11) NOT NULL,
  `idDevice` varchar(10) DEFAULT NULL,
  `type` int(11) DEFAULT NULL,
  `url` varchar(150) DEFAULT NULL,
  `write_api_key` varchar(50) DEFAULT NULL,
  `payload` varchar(200) DEFAULT NULL
) ENGINE=InnoDB DEFAULT CHARSET=utf8mb4;

--
-- Contenu de la table `callbacks`
--

INSERT INTO `callbacks` (`id`, `idDevice`, `type`, `url`, `write_api_key`, `payload`) VALUES
(1, 'C32B57', 1, 'https://api.thingspeak.com/update', '3RPCCIIT1JJHM25A', '100 100 10 1 1 100'),
(2, 'C32B57', 1, 'http://127.0.0.1/Aggregator/api/update', '3RPCCIIT1JJHM25A', '100 100 10 1 1 100'),
(3, 'C32B57', 2, 'http://127.0.0.1/Aggregator/api/update', '7VX28B24FEE50ZTO', '100 100 100 1 1000 1');

-- --------------------------------------------------------

--
-- Structure de la table `channels`
--

CREATE TABLE `channels` (
  `id` int(11) NOT NULL,
  `thing_id` int(11) NOT NULL,
  `name` varchar(50) DEFAULT NULL,
  `description` text DEFAULT NULL,
  `field1` varchar(50) NOT NULL,
  `field2` varchar(50) NOT NULL,
  `field3` varchar(50) NOT NULL,
  `field4` varchar(50) NOT NULL,
  `field5` varchar(50) NOT NULL,
  `field6` varchar(50) NOT NULL,
  `field7` varchar(50) NOT NULL,
  `field8` varchar(50) NOT NULL,
  `status` varchar(11) DEFAULT NULL,
  `write_api_key` varchar(50) DEFAULT NULL,
  `last_write_at` timestamp NULL DEFAULT NULL,
  `last_entry_id` int(11) DEFAULT NULL,
  `public_flag` tinyint(1) NOT NULL DEFAULT 1,
  `idDevice` varchar(25) DEFAULT NULL,
  `type` int(11) DEFAULT NULL
) ENGINE=InnoDB DEFAULT CHARSET=utf8mb4;

--
-- Contenu de la table `channels`
--

INSERT INTO `channels` (`id`, `thing_id`, `name`, `description`, `field1`, `field2`, `field3`, `field4`, `field5`, `field6`, `field7`, `field8`, `status`, `write_api_key`, `last_write_at`, `last_entry_id`, `public_flag`, `idDevice`, `type`) VALUES
(539387, 1, 'Weather', 'The Weather Station\r\nfrom Tessé ...', 'Weight (Kg)', 'Temperature (°C)', 'Pressure (hPa)', 'Humidity (%)', 'Illuminance (Lux)', 'Dew point (°C)', 'Corrected Weight (Kg)', '', '', '8TA0YDI5T5NLCSVV', '2021-03-06 17:47:06', 63, 1, NULL, NULL),
(552430, 1, 'Daily average', '', 'Poids', 'Température', 'Pression', 'Humidité', '', '', '', '', '', 'Y3BXR665PTEYRFCG', NULL, NULL, 1, NULL, NULL),
(556419, 1, 'Battery ', '', 'Voltage (V)', 'Current (A)', 'Power (W)', 'State Of Charge (%)', 'Capacity (Ah)', '', '', '', '', '7VX28B24FEE50ZTO', '2020-07-27 16:15:25', 2, 1, NULL, NULL),
(558210, 12, 'Mesures', '', 'Weight (Kg)', 'Temperature (°C)', 'Pressure (hPa)', 'Humidity (%)', 'Illuminance (lux)', 'dew point (°C)', '', '', '', '3RPCCIIT1JJHM25A', '2020-07-27 16:02:22', 216, 1, 'C32B57', 1),
(566173, 2, 'Mesures', 'Canal de mesure principal pour la ruche Danemark', 'Weight (kg)', 'Temperature (°C)', 'Pressure (kPa)', 'Humidity (%)', 'Illuminance (lux)', 'Dew point (°C)', '', '', '', 'NWIA1TIPGT1L9S39', '2020-05-15 20:00:06', 15934, 1, NULL, NULL),
(569228, 12, 'Derived weight', '', 'derived weight (Kg/h)', '', '', '', '', '', '', '', '', 'OH5D06IUTUJ7ZAV9', NULL, NULL, 1, NULL, NULL),
(602082, 10, 'Battery ', '', 'Tension (V)', 'Courant (A)', 'Puissance (W)', 'SOC (%)', '', '', '', '', '', 'BUNNFRUOOIJ4HM7X', '2021-03-06 17:47:06', 203, 1, NULL, NULL),
(622253, 1, 'Le Mans - Weather', NULL, 'Temperature (°C)', 'Pressure (hPa)', 'Humidity (%)', 'Wind speed (m/s)', 'Wind direction (°)', 'dew point (°C)', '', '', '', 'CPO5W1BNMG44EVC1', '2020-05-15 20:00:03', 243, 1, NULL, NULL),
(684316, 2, 'Derived weight', '', 'derived weight (Kg/h)', '', '', '', '', '', '', '', '', '3EVVIU67Z14GDQHU', NULL, NULL, 1, NULL, NULL),
(752839, 3, 'Mesures', 'Canal de mesures principal de la ruche France', 'Weight (kg)', 'Temperature (°C)', 'Pressure (kPa)', 'Humidity (%)', 'Illuminance (lux)', 'Dew point (°C)', 'Corrected Weight (kg)', '', '', 'OES0BIVP60Q61248', '2020-05-15 20:00:06', 15131, 1, NULL, NULL),
(752841, 10, 'Derived  Weight ', '', 'derived weight (Kg/h)', '', '', '', '', '', '', '', '', 'AVKOTCZ049Z420QC', NULL, NULL, 1, NULL, NULL),
(752843, 10, 'Mesures', '', 'Weight (Kg)', 'Temperature (°C)', 'Pressure (hPa)', 'Humidity (%)', 'Illuminance (Lux)', 'Dew point (°C)', 'Corrected Weight (Kg)', '', '', 'MEUSWB77H6MMRFHD', '2021-03-06 17:47:06', 192, 1, NULL, NULL),
(788567, 3, 'Derived weight', '', 'derived weight (Kg/h)', '', '', '', '', '', '', '', '', '3RSFQ81I81H1RBSN', NULL, NULL, 1, NULL, NULL),
(788572, 1, 'test sigfox', 'Canal pour test sigfox', 'grandeur1', 'grandeur2', 'grandeur3', 'grandeur4', 'grandeur5', 'grandeur6', '', '', '', 'BXOUOB931F', '2020-08-03 08:43:33', 7, 1, NULL, NULL),
(788573, 19, 'Mesures', '', '', 'Temperature (°C)', 'Pressure (hPa)', 'Humidity (%)', 'Eclairement (lux)', '', '', '', '', 'QJY6HCY0J04', NULL, NULL, 1, NULL, NULL);

-- --------------------------------------------------------

--
-- Structure de la table `failed_logins`
--

CREATE TABLE `failed_logins` (
  `id` int(11) NOT NULL,
  `login` varchar(25) NOT NULL,
  `password` varchar(128) NOT NULL,
  `ip_address` varchar(50) NOT NULL,
  `created_at` timestamp NOT NULL DEFAULT current_timestamp()
) ENGINE=InnoDB DEFAULT CHARSET=utf8;

--
-- Contenu de la table `failed_logins`
--

INSERT INTO `failed_logins` (`id`, `login`, `password`, `ip_address`, `created_at`) VALUES
(1, 'ruche', '9120f78e3582caf2d3896ad0da948ed9dbeb0927a7c3c323d62d02b9d16d111d', '192.168.1.26', '2021-02-23 16:08:14'),
(2, 'ruche', '9120f78e3582caf2d3896ad0da948ed9dbeb0927a7c3c323d62d02b9d16d111d', '192.168.1.26', '2021-03-04 22:41:45'),
(3, 'ruche', '9120f78e3582caf2d3896ad0da948ed9dbeb0927a7c3c323d62d02b9d16d111d', '192.168.1.26', '2021-03-06 07:54:35'),
(4, 'ruche', '9120f78e3582caf2d3896ad0da948ed9dbeb0927a7c3c323d62d02b9d16d111d', '192.168.1.26', '2021-03-06 08:01:47');

-- --------------------------------------------------------

--
-- Structure de la table `feeds`
--

CREATE TABLE `feeds` (
  `id` int(11) NOT NULL,
  `id_channel` int(11) NOT NULL,
  `field1` float DEFAULT NULL,
  `field2` float DEFAULT NULL,
  `field3` float DEFAULT NULL,
  `field4` float DEFAULT NULL,
  `field5` float DEFAULT NULL,
  `field6` float DEFAULT NULL,
  `field7` float DEFAULT NULL,
  `field8` float DEFAULT NULL,
  `date` timestamp NOT NULL DEFAULT current_timestamp(),
  `status` varchar(255) DEFAULT NULL,
  `latitude` decimal(15,10) DEFAULT NULL,
  `longitude` decimal(15,10) DEFAULT NULL,
  `elevation` double DEFAULT NULL
) ENGINE=InnoDB DEFAULT CHARSET=utf8mb4;

--
-- Contenu de la table `feeds`
--

INSERT INTO `feeds` (`id`, `id_channel`, `field1`, `field2`, `field3`, `field4`, `field5`, `field6`, `field7`, `field8`, `date`, `status`, `latitude`, `longitude`, `elevation`) VALUES
(1625, 539387, NULL, 22.28, 1024.87, 28.2568, 440.417, 3.07, NULL, NULL, '2019-09-18 13:02:17', '', NULL, NULL, NULL),
(1626, 539387, NULL, 22.11, 1024.76, 28.8916, 380.417, 3.16, NULL, NULL, '2019-09-18 13:32:19', '', NULL, NULL, NULL),
(1627, 539387, NULL, 21.7, 1024.61, 28.1289, 322.083, 2.77, NULL, NULL, '2019-09-18 14:02:16', '', NULL, NULL, NULL),
(1628, 539387, NULL, 21.22, 1024.64, 28.9033, 257.917, 2.47, NULL, NULL, '2019-09-18 14:32:18', '', NULL, NULL, NULL),
(1629, 539387, NULL, 20.66, 1024.63, 30.4365, 191.25, 2.78, NULL, NULL, '2019-09-18 15:01:23', '', NULL, NULL, NULL),
(1630, 539387, NULL, 20.21, 1024.93, 32.082, 113.75, 3.22, NULL, NULL, '2019-09-18 15:30:54', '', NULL, NULL, NULL),
(1631, 539387, NULL, 19.44, 1025.13, 33.8799, 25.4167, 3.1, NULL, NULL, '2019-09-18 16:00:53', '', NULL, NULL, NULL),
(1632, 539387, NULL, 18.84, 1025.25, 35.5732, 0, 3.22, NULL, NULL, '2019-09-18 16:32:17', '', NULL, NULL, NULL),
(1633, 539387, NULL, 18.4, 1025.67, 36.5156, 0, 3.3, NULL, NULL, '2019-09-18 17:01:22', '', NULL, NULL, NULL),
(1634, 539387, NULL, 17.94, 1026.01, 37.5947, 0, 3.23, NULL, NULL, '2019-09-18 17:30:32', '', NULL, NULL, NULL),
(1635, 539387, NULL, 17.52, 1026.4, 38.9023, 0, 3.35, NULL, NULL, '2019-09-18 18:02:13', '', NULL, NULL, NULL),
(1636, 539387, NULL, 17.18, 1026.7, 39.7676, 0, 3.42, NULL, NULL, '2019-09-18 18:30:22', '', NULL, NULL, NULL),
(1637, 539387, NULL, 16.78, 1026.95, 41.4297, 0, 3.68, NULL, NULL, '2019-09-18 19:01:13', '', NULL, NULL, NULL),
(1638, 539387, NULL, 16.36, 1027.12, 43.1465, 0, 3.77, NULL, NULL, '2019-09-18 19:32:20', '', NULL, NULL, NULL),
(1639, 539387, NULL, 16.01, 1027.24, 44.5391, 0, 4.02, NULL, NULL, '2019-09-18 20:02:17', '', NULL, NULL, NULL),
(1640, 539387, NULL, 15.76, 1027.41, 45.3848, 0, 4.01, NULL, NULL, '2019-09-18 20:30:55', '', NULL, NULL, NULL),
(1641, 539387, NULL, 15.53, 1027.53, 46.4785, 0, 4.15, NULL, NULL, '2019-09-18 21:01:33', '', NULL, NULL, NULL),
(1642, 539387, NULL, 15.29, 1027.64, 47.5693, 0, 4.32, NULL, NULL, '2019-09-18 21:30:32', '', NULL, NULL, NULL),
(1643, 539387, NULL, 15.05, 1027.45, 48.2539, 0, 4.19, NULL, NULL, '2019-09-18 22:01:35', '', NULL, NULL, NULL),
(1644, 539387, NULL, 14.77, 1027.52, 49.2402, 0, 4.26, NULL, NULL, '2019-09-18 22:30:32', '', NULL, NULL, NULL),
(1645, 539387, NULL, 14.33, 1027.51, 51.2207, 0, 4.42, NULL, NULL, '2019-09-18 23:01:04', '', NULL, NULL, NULL),
(1646, 539387, NULL, 14.04, 1027.42, 53.3604, 0, 4.59, NULL, NULL, '2019-09-18 23:30:32', '', NULL, NULL, NULL),
(1647, 539387, NULL, 13.52, 1027.47, 55.4072, 0, 4.77, NULL, NULL, '2019-09-19 00:02:15', '', NULL, NULL, NULL),
(1648, 539387, NULL, 13.24, 1027.48, 57.3242, 0, 5.01, NULL, NULL, '2019-09-19 00:30:13', '', NULL, NULL, NULL),
(1649, 539387, NULL, 12.86, 1027.53, 59.8887, 0, 5.28, NULL, NULL, '2019-09-19 01:01:02', '', NULL, NULL, NULL),
(1650, 539387, NULL, 12.63, 1027.49, 61.7441, 0, 5.5, NULL, NULL, '2019-09-19 01:30:33', '', NULL, NULL, NULL),
(1651, 539387, NULL, 12.4, 1027.53, 62.8086, 0, 5.54, NULL, NULL, '2019-09-19 02:01:36', '', NULL, NULL, NULL),
(1652, 539387, NULL, 12.12, 1027.53, 64.709, 0, 5.74, NULL, NULL, '2019-09-19 02:32:16', '', NULL, NULL, NULL),
(1653, 539387, NULL, 12.01, 1027.5, 65.6855, 4.58333, 5.76, NULL, NULL, '2019-09-19 03:00:13', '', NULL, NULL, NULL),
(1654, 539387, NULL, 11.94, 1027.53, 66.3506, 3.33333, 5.87, NULL, NULL, '2019-09-19 03:31:23', '', NULL, NULL, NULL),
(1655, 539387, NULL, 11.9, 1027.59, 66.5771, 93.3333, 5.88, NULL, NULL, '2019-09-19 04:01:04', '', NULL, NULL, NULL),
(1656, 539387, NULL, 27.36, 1012.94, 42.7979, 3312.5, 13.7, NULL, NULL, '2019-09-21 08:00:06', '', NULL, NULL, NULL),
(1657, 539387, NULL, 17.26, 1016.04, 71.5928, 0, 12.11, NULL, NULL, '2019-09-27 17:02:19', '', NULL, NULL, NULL),
(1658, 539387, NULL, 14.07, 1013.48, 78.3096, 0, 10.34, NULL, NULL, '2019-10-15 18:00:04', '', NULL, NULL, NULL),
(1659, 539387, NULL, 13.92, 1013.6, 80.332, 0, 10.55, NULL, NULL, '2019-10-15 18:30:06', '', NULL, NULL, NULL),
(1660, 539387, NULL, 11.8, 1015.94, 100, 0, 11.79, NULL, NULL, '2019-10-31 03:00:04', '', NULL, NULL, NULL),
(1661, 539387, NULL, 11.94, 1015.98, 100, 0, 11.93, NULL, NULL, '2019-10-31 03:30:04', '', NULL, NULL, NULL),
(1662, 539387, NULL, 12.06, 1015.88, 100, 0, 12.03, NULL, NULL, '2019-10-31 04:00:06', '', NULL, NULL, NULL),
(1663, 539387, NULL, 11.97, 1006.7, 87.4561, 6.66667, 9.92, NULL, NULL, '2019-11-06 15:30:06', '', NULL, NULL, NULL),
(1664, 539387, NULL, 11.28, 1009.54, 99.917, 612.083, 11.26, NULL, NULL, '2019-11-11 10:30:06', '', NULL, NULL, NULL),
(1665, 539387, NULL, 6.62, 1012.69, 75.5283, 1084.17, 2.62, NULL, NULL, '2019-11-20 10:02:14', '', NULL, NULL, NULL),
(1666, 539387, NULL, 6.92, 1012.15, 75.2734, 964.583, 2.86, NULL, NULL, '2019-11-20 10:32:16', '', NULL, NULL, NULL),
(1667, 539387, NULL, 7.82, 1011.65, 73.6182, 881.667, 3.39, NULL, NULL, '2019-11-20 11:02:13', '', NULL, NULL, NULL),
(1668, 539387, NULL, 11.42, 999.617, 99.9287, 0, 11.4, NULL, NULL, '2019-11-27 21:02:18', '', NULL, NULL, NULL),
(1669, 539387, NULL, 11.4, 999.713, 100, 0, 11.37, NULL, NULL, '2019-11-27 21:32:16', '', NULL, NULL, NULL),
(1670, 539387, NULL, 11.39, 999.624, 100, 0, 11.37, NULL, NULL, '2019-11-27 22:02:18', '', NULL, NULL, NULL),
(1671, 539387, NULL, 11.3, 999.753, 100, 0, 11.29, NULL, NULL, '2019-11-27 22:32:20', '', NULL, NULL, NULL),
(1672, 539387, NULL, 5.76, 1012.95, 100, 0, 5.74, NULL, NULL, '2019-12-01 01:30:04', '', NULL, NULL, NULL),
(1673, 539387, NULL, 7.65, 1017.52, 100, 183.333, 7.64, NULL, NULL, '2019-12-06 12:30:04', '', NULL, NULL, NULL),
(1674, 539387, NULL, 8.58, 1017.21, 100, 92.5, 8.54, NULL, NULL, '2019-12-06 13:30:03', '', NULL, NULL, NULL),
(1675, 539387, NULL, 3.13, 1030.56, 100, 0, 3.1, NULL, NULL, '2019-12-10 03:30:05', '', NULL, NULL, NULL),
(1676, 539387, NULL, 11.54, 1029.35, 100, 0, 11.53, NULL, NULL, '2020-01-07 23:02:17', '', NULL, NULL, NULL),
(1677, 539387, NULL, 8.61, 1026.82, 100, 0, 8.6, NULL, NULL, '2020-01-12 23:33:41', '', NULL, NULL, NULL),
(1678, 539387, NULL, 409.49, 1524.28, 100, 0, 409.47, NULL, NULL, '2020-01-22 04:32:16', '', NULL, NULL, NULL),
(1679, 539387, NULL, 3.36, 1030.12, 85.2471, 14.1667, 1.19, NULL, NULL, '2020-01-23 08:30:26', '', NULL, NULL, NULL),
(1680, 539387, NULL, 4.4, 1023.75, 100, 0, 4.38, NULL, NULL, '2020-02-12 05:32:16', '', NULL, NULL, NULL),
(1681, 539387, NULL, 0, 0, 0, 725, NULL, NULL, NULL, '2020-02-17 13:30:17', '', NULL, NULL, NULL),
(1682, 539387, NULL, 19.43, 1020.39, 42.7471, 1960, 6.47, NULL, NULL, '2020-03-28 14:30:22', '', NULL, NULL, NULL),
(1683, 539387, NULL, 14.74, 1018.58, 28.751, 483.333, -3.12, NULL, NULL, '2020-04-01 14:00:17', '', NULL, NULL, NULL),
(1684, 539387, NULL, 16.14, 1024.24, 94.8193, 654.583, 15.31, NULL, NULL, '2020-04-06 14:30:24', '', NULL, NULL, NULL),
(1685, 539387, NULL, 26.55, 1021.56, 22.4385, 784.167, 3.6, NULL, NULL, '2020-04-10 11:30:16', '', NULL, NULL, NULL),
(1686, 539387, NULL, 26.26, 1021.36, 23.1172, 529.583, 3.62, NULL, NULL, '2020-04-10 12:00:22', '', NULL, NULL, NULL),
(1687, 539387, NULL, 25.32, 1020.63, 23.1816, 294.583, 2.84, NULL, NULL, '2020-04-11 15:30:17', '', NULL, NULL, NULL),
(1688, 602082, 13.19, -0.13, -1.75, 77, 15.456, NULL, NULL, NULL, '2021-02-03 21:43:39', '', NULL, NULL, NULL),
(1689, 752843, 47.03, 24.61, 1011.4, 58, 0, 15.84, NULL, NULL, '2021-02-03 21:58:39', '', NULL, NULL, NULL),
(1690, 602082, 13.18, -0.13, -1.76, 76, 15.39, NULL, NULL, NULL, '2021-02-03 22:13:37', '', NULL, NULL, NULL),
(1691, 602082, 13.18, -0.13, -1.74, 76, 15.323, NULL, NULL, NULL, '2021-02-03 22:43:37', '', NULL, NULL, NULL),
(1692, 752843, 47.05, 24.76, 1011.7, 58, 0, 15.99, NULL, NULL, '2021-02-03 23:58:44', '', NULL, NULL, NULL),
(1693, 602082, 13.17, -0.13, -1.74, 75, 15.124, NULL, NULL, NULL, '2021-02-04 00:13:40', '', NULL, NULL, NULL),
(1694, 752843, 47.05, 24.58, 1011.9, 57, 0, 15.86, NULL, NULL, '2021-02-04 00:28:45', '', NULL, NULL, NULL),
(1695, 602082, 13.17, -0.13, -1.76, 75, 15.057, NULL, NULL, NULL, '2021-02-04 00:43:40', '', NULL, NULL, NULL),
(1696, 752843, 47.05, 24.7, 1012.1, 57, 0, 15.86, NULL, NULL, '2021-02-04 00:58:38', '', NULL, NULL, NULL),
(1697, 602082, 13.17, -0.13, -1.75, 74, 14.924, NULL, NULL, NULL, '2021-02-04 01:43:39', '', NULL, NULL, NULL),
(1698, 752843, 47.07, 24.68, 1012.1, 57, 0, 15.82, NULL, NULL, '2021-02-04 01:58:45', '', NULL, NULL, NULL),
(1699, 602082, 13.17, -0.13, -1.75, 74, 14.858, NULL, NULL, NULL, '2021-02-04 02:13:38', '', NULL, NULL, NULL),
(1700, 602082, 13.17, -0.13, -1.74, 73, 14.791, NULL, NULL, NULL, '2021-02-04 02:43:37', '', NULL, NULL, NULL),
(1701, 752843, 47.08, 24.47, 1011.7, 57, 0, 15.66, NULL, NULL, '2021-02-04 02:58:39', '', NULL, NULL, NULL),
(1702, 602082, 13.17, -0.13, -1.77, 73, 14.725, NULL, NULL, NULL, '2021-02-04 03:13:37', '', NULL, NULL, NULL),
(1703, 602082, 13.16, -0.13, -1.74, 73, 14.658, NULL, NULL, NULL, '2021-02-04 03:43:42', '', NULL, NULL, NULL),
(1704, 752843, 47.08, 24.51, 1011.6, 57, 0, 15.69, NULL, NULL, '2021-02-04 03:58:39', '', NULL, NULL, NULL),
(1705, 602082, 13.16, -0.13, -1.74, 72, 14.592, NULL, NULL, NULL, '2021-02-04 04:13:37', '', NULL, NULL, NULL),
(1706, 752843, 47.09, 24.6, 1011.9, 57, 0, 15.74, NULL, NULL, '2021-02-04 04:28:42', '', NULL, NULL, NULL),
(1707, 602082, 13.15, -0.13, -1.74, 72, 14.525, NULL, NULL, NULL, '2021-02-04 04:43:37', '', NULL, NULL, NULL),
(1708, 752843, 47.09, 24.34, 1011.9, 57, 0, 15.52, NULL, NULL, '2021-02-04 04:58:38', '', NULL, NULL, NULL),
(1709, 602082, 13.16, -0.13, -1.74, 72, 14.459, NULL, NULL, NULL, '2021-02-04 05:13:39', '', NULL, NULL, NULL),
(1710, 752843, 47.1, 24.57, 1011.6, 57, 0, 15.64, NULL, NULL, '2021-02-04 05:28:39', '', NULL, NULL, NULL),
(1711, 602082, 13.15, -0.13, -1.74, 71, 14.393, NULL, NULL, NULL, '2021-02-04 05:43:39', '', NULL, NULL, NULL),
(1712, 752843, 47.11, 25.01, 1012, 57, 0, 15.99, NULL, NULL, '2021-02-04 06:28:38', '', NULL, NULL, NULL),
(1713, 602082, 13.15, -0.13, -1.76, 71, 14.26, NULL, NULL, NULL, '2021-02-04 06:43:40', '', NULL, NULL, NULL),
(1714, 752843, 47.11, 24.94, 1012, 57, 0, 15.95, NULL, NULL, '2021-02-04 06:58:38', '', NULL, NULL, NULL),
(1715, 602082, 13.15, -0.13, -1.74, 70, 14.193, NULL, NULL, NULL, '2021-02-04 07:13:39', '', NULL, NULL, NULL),
(1716, 752843, 47.13, 24.49, 1012.1, 57, 48, 15.63, NULL, NULL, '2021-02-04 07:28:44', '', NULL, NULL, NULL),
(1717, 602082, 13.14, -0.13, -1.74, 70, 14.126, NULL, NULL, NULL, '2021-02-04 07:43:37', '', NULL, NULL, NULL),
(1718, 752843, 47.15, 24.62, 1012.7, 57, 269, 15.75, NULL, NULL, '2021-02-04 07:58:41', '', NULL, NULL, NULL),
(1719, 752843, 47.15, 24.61, 1012.7, 57, 1818, 15.79, NULL, NULL, '2021-02-04 08:28:39', '', NULL, NULL, NULL),
(1720, 602082, 13.14, -0.12, -1.58, 69, 13.999, NULL, NULL, NULL, '2021-02-04 08:43:43', '', NULL, NULL, NULL),
(1721, 752843, 47.14, 24.34, 1012.6, 57, 2987, 15.42, NULL, NULL, '2021-02-04 08:58:43', '', NULL, NULL, NULL),
(1722, 602082, 13.14, -0.12, -1.69, 69, 13.937, NULL, NULL, NULL, '2021-02-04 09:13:36', '', NULL, NULL, NULL),
(1723, 752843, 47.14, 24.56, 1012.7, 57, 4280, 15.65, NULL, NULL, '2021-02-04 09:28:44', '', NULL, NULL, NULL),
(1724, 602082, 13.14, -0.12, -1.7, 69, 13.872, NULL, NULL, NULL, '2021-02-04 09:43:37', '', NULL, NULL, NULL),
(1725, 752843, 47.14, 24.33, 1012.6, 57, 3317, 15.36, NULL, NULL, '2021-02-04 09:58:44', '', NULL, NULL, NULL),
(1726, 752843, 47.14, 24.28, 1012.8, 57, 4537, 15.44, NULL, NULL, '2021-02-04 10:28:39', '', NULL, NULL, NULL),
(1727, 602082, 13.13, -0.12, -1.67, 68, 13.744, NULL, NULL, NULL, '2021-02-04 10:43:37', '', NULL, NULL, NULL),
(1728, 752843, 47.14, 24.14, 1012.7, 57, 3738, 15.28, NULL, NULL, '2021-02-04 10:58:38', '', NULL, NULL, NULL),
(1729, 602082, 13.13, -0.12, -1.67, 68, 13.68, NULL, NULL, NULL, '2021-02-04 11:13:37', '', NULL, NULL, NULL),
(1730, 752843, 47.14, 24.15, 1012.5, 57, 2379, 15.26, NULL, NULL, '2021-02-04 11:28:43', '', NULL, NULL, NULL),
(1731, 602082, 13.13, -0.12, -1.68, 68, 13.616, NULL, NULL, NULL, '2021-02-04 11:43:37', '', NULL, NULL, NULL),
(1732, 752843, 47.14, 24.09, 1012.1, 57, 1920, 15.15, NULL, NULL, '2021-02-04 11:58:39', '', NULL, NULL, NULL),
(1733, 602082, 13.13, -0.12, -1.67, 67, 13.552, NULL, NULL, NULL, '2021-02-04 12:13:37', '', NULL, NULL, NULL),
(1734, 752843, 47.14, 23.71, 1011.8, 57, 3350, 14.88, NULL, NULL, '2021-02-04 12:28:41', '', NULL, NULL, NULL),
(1735, 602082, 13.12, -0.12, -1.68, 67, 13.488, NULL, NULL, NULL, '2021-02-04 12:43:40', '', NULL, NULL, NULL),
(1736, 602082, 13.12, -0.12, -1.68, 67, 13.424, NULL, NULL, NULL, '2021-02-04 13:13:37', '', NULL, NULL, NULL),
(1737, 752843, 47.12, 23.87, 1011.1, 57, 2379, 15.03, NULL, NULL, '2021-02-04 13:28:38', '', NULL, NULL, NULL),
(1738, 602082, 13.11, -0.12, -1.68, 66, 13.359, NULL, NULL, NULL, '2021-02-04 13:43:37', '', NULL, NULL, NULL),
(1739, 752843, 47.12, 24.15, 1010.8, 57, 3004, 15.23, NULL, NULL, '2021-02-04 13:58:38', '', NULL, NULL, NULL),
(1740, 602082, 13.11, -0.12, -1.69, 66, 13.295, NULL, NULL, NULL, '2021-02-04 14:13:37', '', NULL, NULL, NULL),
(1741, 752843, 47.12, 23.88, 1010.9, 57, 1807, 15.07, NULL, NULL, '2021-02-04 14:28:40', '', NULL, NULL, NULL),
(1742, 752843, 47.12, 24.33, 1010.8, 57, 1782, 15.41, NULL, NULL, '2021-02-04 14:58:44', '', NULL, NULL, NULL),
(1743, 602082, 13.11, -0.13, -1.75, 65, 13.165, NULL, NULL, NULL, '2021-02-04 15:13:37', '', NULL, NULL, NULL),
(1744, 752843, 47.12, 24.34, 1011, 57, 850, 15.39, NULL, NULL, '2021-02-04 15:28:38', '', NULL, NULL, NULL),
(1745, 602082, 13.1, -0.12, -1.68, 65, 13.099, NULL, NULL, NULL, '2021-02-04 15:43:39', '', NULL, NULL, NULL),
(1746, 752843, 47.11, 24.7, 1011, 57, 460, 15.62, NULL, NULL, '2021-02-04 15:58:38', '', NULL, NULL, NULL),
(1747, 602082, 13.1, -0.13, -1.7, 65, 13.034, NULL, NULL, NULL, '2021-02-04 16:13:40', '', NULL, NULL, NULL),
(1748, 752843, 47.09, 24.33, 1011, 57, 0, 15.47, NULL, NULL, '2021-02-04 17:28:38', '', NULL, NULL, NULL),
(1749, 602082, 13.08, -0.13, -1.75, 63, 12.767, NULL, NULL, NULL, '2021-02-04 18:13:42', '', NULL, NULL, NULL),
(1750, 602082, 13.07, -0.13, -1.76, 62, 12.565, NULL, NULL, NULL, '2021-02-04 19:43:39', '', NULL, NULL, NULL),
(1751, 752843, 47.06, 24.52, 1011, 57, 0, 15.65, NULL, NULL, '2021-02-04 19:58:41', '', NULL, NULL, NULL),
(1752, 602082, 13.07, -0.13, -1.75, 62, 12.498, NULL, NULL, NULL, '2021-02-04 20:13:39', '', NULL, NULL, NULL),
(1753, 752843, 47.05, 24.12, 1011.1, 58, 0, 15.37, NULL, NULL, '2021-02-04 20:28:44', '', NULL, NULL, NULL),
(1754, 602082, 13.06, -0.13, -1.75, 62, 12.431, NULL, NULL, NULL, '2021-02-04 20:43:37', '', NULL, NULL, NULL),
(1755, 752843, 47.04, 24.13, 1011, 57, 0, 15.28, NULL, NULL, '2021-02-04 20:58:43', '', NULL, NULL, NULL),
(1756, 752843, 47.04, 24.05, 1011.2, 58, 0, 15.37, NULL, NULL, '2021-02-04 21:28:38', '', NULL, NULL, NULL),
(1757, 602082, 13.05, -0.13, -1.74, 61, 12.297, NULL, NULL, NULL, '2021-02-04 21:43:37', '', NULL, NULL, NULL),
(1758, 602082, 13.05, -0.13, -1.76, 61, 12.23, NULL, NULL, NULL, '2021-02-04 22:13:42', '', NULL, NULL, NULL),
(1759, 752843, 47.03, 24.2, 1011.4, 57, 0, 15.41, NULL, NULL, '2021-02-04 22:28:40', '', NULL, NULL, NULL),
(1760, 602082, 13.05, -0.13, -1.74, 60, 12.162, NULL, NULL, NULL, '2021-02-04 22:43:37', '', NULL, NULL, NULL),
(1761, 752843, 47.02, 24.08, 1011.6, 57, 0, 15.28, NULL, NULL, '2021-02-04 22:58:44', '', NULL, NULL, NULL),
(1762, 752843, 47.03, 24.09, 1011.7, 58, 0, 15.34, NULL, NULL, '2021-02-04 23:28:38', '', NULL, NULL, NULL),
(1763, 602082, 13.04, -0.13, -1.76, 59, 11.96, NULL, NULL, NULL, '2021-02-05 00:13:37', '', NULL, NULL, NULL),
(1764, 602082, 13.04, -0.13, -1.76, 59, 11.826, NULL, NULL, NULL, '2021-02-05 01:13:42', '', NULL, NULL, NULL),
(1765, 752843, 47.03, 23.78, 1011.6, 58, 0, 15.17, NULL, NULL, '2021-02-05 01:28:38', '', NULL, NULL, NULL),
(1766, 602082, 13.04, -0.13, -1.74, 58, 11.759, NULL, NULL, NULL, '2021-02-05 01:43:40', '', NULL, NULL, NULL),
(1767, 752843, 47.02, 24.03, 1011.9, 58, 0, 15.31, NULL, NULL, '2021-02-05 01:58:38', '', NULL, NULL, NULL),
(1768, 602082, 13.03, -0.13, -1.74, 58, 11.692, NULL, NULL, NULL, '2021-02-05 02:13:37', '', NULL, NULL, NULL),
(1769, 752843, 47.03, 24.24, 1011.9, 58, 0, 15.5, NULL, NULL, '2021-02-05 02:28:38', '', NULL, NULL, NULL),
(1770, 602082, 13.03, -0.13, -1.74, 58, 11.625, NULL, NULL, NULL, '2021-02-05 02:43:42', '', NULL, NULL, NULL),
(1771, 752843, 47.04, 24.44, 1011.9, 57, 0, 15.6, NULL, NULL, '2021-02-05 02:58:43', '', NULL, NULL, NULL),
(1772, 602082, 13.03, -0.13, -1.74, 57, 11.491, NULL, NULL, NULL, '2021-02-05 03:43:39', '', NULL, NULL, NULL),
(1773, 752843, 47.04, 24.22, 1011.9, 58, 0, 15.52, NULL, NULL, '2021-02-05 04:28:38', '', NULL, NULL, NULL),
(1774, 602082, 13.03, -0.13, -1.73, 56, 11.357, NULL, NULL, NULL, '2021-02-05 04:43:42', '', NULL, NULL, NULL),
(1775, 752843, 47.04, 24.5, 1012.3, 58, 0, 15.75, NULL, NULL, '2021-02-05 04:58:42', '', NULL, NULL, NULL),
(1776, 602082, 13.03, -0.13, -1.75, 56, 11.29, NULL, NULL, NULL, '2021-02-05 05:13:40', '', NULL, NULL, NULL),
(1777, 752843, 47.05, 24.34, 1012.2, 58, 0, 15.57, NULL, NULL, '2021-02-05 05:28:40', '', NULL, NULL, NULL),
(1778, 752843, 47.05, 24.57, 1012.2, 58, 0, 15.79, NULL, NULL, '2021-02-05 05:58:38', '', NULL, NULL, NULL),
(1779, 602082, 13.03, -0.13, -1.74, 55, 11.157, NULL, NULL, NULL, '2021-02-05 06:13:39', '', NULL, NULL, NULL),
(1780, 752843, 47.05, 24.6, 1012.4, 57, 0, 15.74, NULL, NULL, '2021-02-05 06:28:38', '', NULL, NULL, NULL),
(1781, 602082, 13.03, -0.13, -1.74, 55, 11.022, NULL, NULL, NULL, '2021-02-05 07:13:39', '', NULL, NULL, NULL),
(1782, 752843, 47.05, 24.06, 1013, 58, 97, 15.39, NULL, NULL, '2021-02-05 07:58:38', '', NULL, NULL, NULL),
(1783, 752843, 47.05, 23.98, 1013.2, 58, 439, 15.27, NULL, NULL, '2021-02-05 08:28:41', '', NULL, NULL, NULL),
(1784, 602082, 13.03, -0.12, -1.68, 54, 10.823, NULL, NULL, NULL, '2021-02-05 08:43:37', '', NULL, NULL, NULL),
(1785, 752843, 47.05, 23.87, 1013.4, 58, 922, 15.23, NULL, NULL, '2021-02-05 08:58:37', '', NULL, NULL, NULL),
(1786, 602082, 13.03, -0.13, -1.7, 53, 10.693, NULL, NULL, NULL, '2021-02-05 09:43:36', '', NULL, NULL, NULL),
(1787, 752843, 47.05, 23.91, 1013.5, 58, 4011, 15.24, NULL, NULL, '2021-02-05 10:58:42', '', NULL, NULL, NULL),
(1788, 602082, 13.03, -0.13, -1.7, 52, 10.431, NULL, NULL, NULL, '2021-02-05 11:43:36', '', NULL, NULL, NULL),
(1789, 602082, 13.03, -0.13, -1.7, 51, 10.365, NULL, NULL, NULL, '2021-02-05 12:13:36', '', NULL, NULL, NULL),
(1790, 602082, 13.04, -0.13, -1.7, 51, 10.234, NULL, NULL, NULL, '2021-02-05 13:13:36', '', NULL, NULL, NULL),
(1791, 752843, 47.01, 25.08, 1012, 57, 6407, 16.23, NULL, NULL, '2021-02-05 13:28:40', '', NULL, NULL, NULL),
(1792, 752843, 47.01, 25.83, 1011.4, 57, 3912, 16.8, NULL, NULL, '2021-02-05 14:58:44', '', NULL, NULL, NULL),
(1793, 602082, 13.04, -0.13, -1.75, 48, 9.76, NULL, NULL, NULL, '2021-02-05 16:43:42', '', NULL, NULL, NULL),
(1794, 752843, 46.97, 25.98, 1010.7, 57, 67, 17.07, NULL, NULL, '2021-02-05 16:58:40', '', NULL, NULL, NULL),
(1795, 752843, 46.96, 25.79, 1010.5, 58, 0, 16.92, NULL, NULL, '2021-02-05 17:28:41', '', NULL, NULL, NULL),
(1796, 602082, 13.03, -0.13, -1.74, 48, 9.625, NULL, NULL, NULL, '2021-02-05 17:43:39', '', NULL, NULL, NULL),
(1797, 752843, 46.94, 25.48, 1010.4, 58, 0, 16.72, NULL, NULL, '2021-02-05 17:58:40', '', NULL, NULL, NULL),
(1798, 752843, 46.93, 25.58, 1010.6, 58, 0, 16.8, NULL, NULL, '2021-02-05 18:28:40', '', NULL, NULL, NULL),
(1799, 602082, 13.03, -0.13, -1.75, 47, 9.424, NULL, NULL, NULL, '2021-02-05 19:13:39', '', NULL, NULL, NULL),
(1800, 752843, 46.92, 25.71, 1010.5, 58, 0, 16.96, NULL, NULL, '2021-02-05 19:28:38', '', NULL, NULL, NULL),
(1801, 602082, 13.03, -0.14, -1.84, 46, 9.355, NULL, NULL, NULL, '2021-02-05 19:43:36', '', NULL, NULL, NULL),
(1802, 602082, 13.03, -0.13, -1.75, 46, 9.286, NULL, NULL, NULL, '2021-02-05 20:13:36', '', NULL, NULL, NULL),
(1803, 602082, 13.02, -0.13, -1.74, 46, 9.218, NULL, NULL, NULL, '2021-02-05 20:43:41', '', NULL, NULL, NULL),
(1804, 602082, 13.02, -0.13, -1.81, 44, 8.882, NULL, NULL, NULL, '2021-02-05 23:13:36', '', NULL, NULL, NULL),
(1805, 602082, 13.01, -0.13, -1.74, 43, 8.746, NULL, NULL, NULL, '2021-02-06 00:13:38', '', NULL, NULL, NULL),
(1806, 752843, 46.92, 25.8, 1009.4, 58, 0, 17.1, NULL, NULL, '2021-02-06 00:58:37', '', NULL, NULL, NULL),
(1807, 602082, 13.01, -0.13, -1.74, 41, 8.275, NULL, NULL, NULL, '2021-02-06 03:43:41', '', NULL, NULL, NULL),
(1808, 602082, 13.01, -0.13, -1.73, 41, 8.208, NULL, NULL, NULL, '2021-02-06 04:13:36', '', NULL, NULL, NULL),
(1809, 752843, 46.95, 25.97, 1008, 58, 0, 17.12, NULL, NULL, '2021-02-06 04:28:42', '', NULL, NULL, NULL),
(1810, 752843, 46.96, 26.06, 1007.2, 58, 0, 17.23, NULL, NULL, '2021-02-06 05:58:38', '', NULL, NULL, NULL),
(1811, 752843, 46.96, 26.05, 1007.2, 58, 0, 17.32, NULL, NULL, '2021-02-06 06:28:38', '', NULL, NULL, NULL),
(1812, 752843, 46.97, 25.98, 1007, 58, 0, 17.21, NULL, NULL, '2021-02-06 06:58:40', '', NULL, NULL, NULL),
(1813, 752843, 46.97, 25.91, 1006.9, 58, 65, 17, NULL, NULL, '2021-02-06 07:28:38', '', NULL, NULL, NULL),
(1814, 602082, 13, -0.13, -1.7, 38, 7.676, NULL, NULL, NULL, '2021-02-06 08:13:36', '', NULL, NULL, NULL),
(1815, 602082, 13, -0.13, -1.69, 38, 7.61, NULL, NULL, NULL, '2021-02-06 08:43:36', '', NULL, NULL, NULL),
(1816, 752843, 46.97, 25.7, 1006.3, 58, 1429, 17.05, NULL, NULL, '2021-02-06 08:58:38', '', NULL, NULL, NULL),
(1817, 602082, 13.07, 0.11, 1.52, 38, 7.607, NULL, NULL, NULL, '2021-02-06 09:13:36', '', NULL, NULL, NULL),
(1818, 602082, 13.09, 0.05, 0.67, 38, 7.649, NULL, NULL, NULL, '2021-02-06 09:43:36', '', NULL, NULL, NULL),
(1819, 602082, 13.13, 0.12, 1.62, 38, 7.693, NULL, NULL, NULL, '2021-02-06 10:13:36', '', NULL, NULL, NULL),
(1820, 752843, 46.99, 26.15, 1004.8, 58, 1283, 17.42, NULL, NULL, '2021-02-06 11:28:37', '', NULL, NULL, NULL),
(1821, 602082, 13.15, 0.04, 0.61, 39, 7.92, NULL, NULL, NULL, '2021-02-06 11:43:37', '', NULL, NULL, NULL),
(1822, 752843, 46.99, 26.12, 1004.7, 58, 1002, 17.41, NULL, NULL, '2021-02-06 11:58:40', '', NULL, NULL, NULL),
(1823, 752843, 46.99, 26.05, 1004.2, 58, 1841, 17.28, NULL, NULL, '2021-02-06 12:28:42', '', NULL, NULL, NULL),
(1824, 602082, 13.17, 0.08, 1.14, 39, 7.992, NULL, NULL, NULL, '2021-02-06 12:43:38', '', NULL, NULL, NULL),
(1825, 602082, 13.15, 0.03, 0.47, 40, 8.023, NULL, NULL, NULL, '2021-02-06 13:13:36', '', NULL, NULL, NULL),
(1826, 752843, 46.99, 25.76, 1003.6, 58, 1282, 17.03, NULL, NULL, '2021-02-06 13:28:37', '', NULL, NULL, NULL),
(1827, 602082, 13.21, 0.14, 1.86, 40, 8.141, NULL, NULL, NULL, '2021-02-06 14:13:35', '', NULL, NULL, NULL),
(1828, 752843, 47, 25.87, 1002.7, 58, 1968, 17.23, NULL, NULL, '2021-02-06 14:28:43', '', NULL, NULL, NULL),
(1829, 602082, 13.2, 0.09, 1.26, 41, 8.2, NULL, NULL, NULL, '2021-02-06 14:43:41', '', NULL, NULL, NULL),
(1830, 602082, 13.18, 0.01, 0.18, 41, 8.312, NULL, NULL, NULL, '2021-02-06 15:43:41', '', NULL, NULL, NULL),
(1831, 602082, 13.14, -0.05, -0.73, 41, 8.302, NULL, NULL, NULL, '2021-02-06 16:13:39', '', NULL, NULL, NULL),
(1832, 602082, 13.09, -0.11, -1.52, 41, 8.259, NULL, NULL, NULL, '2021-02-06 16:43:38', '', NULL, NULL, NULL),
(1833, 752843, 46.99, 25.56, 1001.6, 58, 56, 16.86, NULL, NULL, '2021-02-06 16:58:37', '', NULL, NULL, NULL),
(1834, 602082, 13.06, -0.13, -1.76, 40, 8.196, NULL, NULL, NULL, '2021-02-06 17:13:38', '', NULL, NULL, NULL),
(1835, 752843, 46.98, 25.35, 1001.8, 59, 0, 16.76, NULL, NULL, '2021-02-06 17:28:42', '', NULL, NULL, NULL),
(1836, 752843, 46.97, 25.15, 1001.7, 58, 0, 16.59, NULL, NULL, '2021-02-06 17:58:37', '', NULL, NULL, NULL),
(1837, 602082, 13.02, -0.13, -1.75, 40, 8.062, NULL, NULL, NULL, '2021-02-06 18:13:41', '', NULL, NULL, NULL),
(1838, 752843, 46.97, 25.07, 1001.7, 58, 0, 16.47, NULL, NULL, '2021-02-06 18:28:43', '', NULL, NULL, NULL),
(1839, 602082, 13.01, -0.13, -1.75, 39, 7.994, NULL, NULL, NULL, '2021-02-06 18:43:38', '', NULL, NULL, NULL),
(1840, 752843, 46.97, 25.11, 1001.8, 59, 0, 16.55, NULL, NULL, '2021-02-06 18:58:37', '', NULL, NULL, NULL),
(1841, 602082, 13.01, -0.13, -1.74, 39, 7.927, NULL, NULL, NULL, '2021-02-06 19:13:41', '', NULL, NULL, NULL),
(1842, 602082, 13.01, -0.13, -1.73, 39, 7.86, NULL, NULL, NULL, '2021-02-06 19:43:41', '', NULL, NULL, NULL),
(1843, 752843, 46.95, 25.26, 1002.3, 58, 0, 16.5, NULL, NULL, '2021-02-06 20:58:37', '', NULL, NULL, NULL),
(1844, 752843, 46.96, 25.03, 1002.3, 58, 0, 16.39, NULL, NULL, '2021-02-06 21:58:37', '', NULL, NULL, NULL),
(1845, 602082, 12.99, -0.13, -1.73, 37, 7.525, NULL, NULL, NULL, '2021-02-06 22:13:37', '', NULL, NULL, NULL),
(1846, 752843, 46.94, 24.89, 1002.3, 58, 0, 16.32, NULL, NULL, '2021-02-06 22:58:37', '', NULL, NULL, NULL),
(1847, 752843, 46.95, 25.07, 1002.4, 58, 0, 16.47, NULL, NULL, '2021-02-06 23:28:40', '', NULL, NULL, NULL),
(1848, 602082, 12.97, -0.13, -1.73, 36, 7.258, NULL, NULL, NULL, '2021-02-07 00:13:38', '', NULL, NULL, NULL),
(1849, 752843, 46.94, 24.74, 1002.3, 59, 0, 16.26, NULL, NULL, '2021-02-07 00:28:37', '', NULL, NULL, NULL),
(1850, 602082, 12.97, -0.13, -1.73, 35, 7.191, NULL, NULL, NULL, '2021-02-07 00:43:36', '', NULL, NULL, NULL),
(1851, 752843, 46.94, 24.83, 1002.2, 58, 0, 16.16, NULL, NULL, '2021-02-07 00:58:42', '', NULL, NULL, NULL),
(1852, 602082, 12.98, -0.13, -1.74, 35, 7.124, NULL, NULL, NULL, '2021-02-07 01:13:41', '', NULL, NULL, NULL),
(1853, 752843, 46.92, 25.03, 1002.2, 58, 0, 16.32, NULL, NULL, '2021-02-07 01:28:40', '', NULL, NULL, NULL),
(1854, 602082, 12.97, -0.13, -1.73, 35, 7.057, NULL, NULL, NULL, '2021-02-07 01:43:37', '', NULL, NULL, NULL),
(1855, 602082, 12.97, -0.13, -1.74, 34, 6.99, NULL, NULL, NULL, '2021-02-07 02:13:38', '', NULL, NULL, NULL),
(1856, 602082, 12.97, -0.13, -1.73, 34, 6.923, NULL, NULL, NULL, '2021-02-07 02:43:35', '', NULL, NULL, NULL),
(1857, 752843, 46.91, 24.51, 1002.1, 58, 0, 15.85, NULL, NULL, '2021-02-07 02:58:37', '', NULL, NULL, NULL),
(1858, 752843, 46.9, 24.66, 1002.1, 59, 0, 16.19, NULL, NULL, '2021-02-07 03:58:43', '', NULL, NULL, NULL),
(1859, 752843, 46.89, 24.53, 1002.1, 58, 0, 15.99, NULL, NULL, '2021-02-07 04:28:40', '', NULL, NULL, NULL),
(1860, 602082, 12.95, -0.13, -1.73, 33, 6.655, NULL, NULL, NULL, '2021-02-07 04:43:36', '', NULL, NULL, NULL),
(1861, 602082, 12.95, -0.13, -1.73, 32, 6.588, NULL, NULL, NULL, '2021-02-07 05:13:36', '', NULL, NULL, NULL),
(1862, 752843, 46.88, 24.56, 1001.5, 58, 0, 15.93, NULL, NULL, '2021-02-07 05:28:37', '', NULL, NULL, NULL),
(1863, 602082, 12.95, -0.13, -1.73, 32, 6.521, NULL, NULL, NULL, '2021-02-07 05:43:35', '', NULL, NULL, NULL),
(1864, 752843, 46.87, 24.85, 1001.4, 58, 0, 16.2, NULL, NULL, '2021-02-07 05:58:37', '', NULL, NULL, NULL),
(1865, 602082, 12.94, -0.13, -1.72, 32, 6.454, NULL, NULL, NULL, '2021-02-07 06:13:36', '', NULL, NULL, NULL),
(1866, 752843, 46.87, 24.38, 1001.4, 59, 36, 15.93, NULL, NULL, '2021-02-07 07:28:42', '', NULL, NULL, NULL),
(1867, 602082, 12.94, -0.13, -1.73, 31, 6.254, NULL, NULL, NULL, '2021-02-07 07:43:38', '', NULL, NULL, NULL),
(1868, 752843, 46.91, 24.15, 1001.5, 58, 375, 15.64, NULL, NULL, '2021-02-07 08:58:36', '', NULL, NULL, NULL),
(1869, 602082, 13.09, 0.2, 2.74, 30, 6.158, NULL, NULL, NULL, '2021-02-07 09:43:36', '', NULL, NULL, NULL),
(1870, 752843, 46.91, 24.13, 1001.9, 59, 3917, 15.7, NULL, NULL, '2021-02-07 09:58:40', '', NULL, NULL, NULL),
(1871, 602082, 13.37, 0.96, 12.84, 32, 6.45, NULL, NULL, NULL, '2021-02-07 10:13:40', '', NULL, NULL, NULL),
(1872, 602082, 13.28, 0.38, 5.15, 33, 6.787, NULL, NULL, NULL, '2021-02-07 10:43:35', '', NULL, NULL, NULL),
(1873, 752843, 46.91, 23.91, 1002, 59, 2615, 15.47, NULL, NULL, '2021-02-07 10:58:37', '', NULL, NULL, NULL),
(1874, 602082, 13.34, 0.69, 9.26, 35, 7.058, NULL, NULL, NULL, '2021-02-07 11:13:38', '', NULL, NULL, NULL),
(1875, 752843, 46.9, 23.73, 1001.8, 59, 7577, 15.31, NULL, NULL, '2021-02-07 11:28:41', '', NULL, NULL, NULL),
(1876, 752843, 46.91, 24.03, 1001.4, 59, 5763, 15.56, NULL, NULL, '2021-02-07 12:28:42', '', NULL, NULL, NULL),
(1877, 602082, 13.34, 0.6, 8.08, 41, 8.297, NULL, NULL, NULL, '2021-02-07 12:43:38', '', NULL, NULL, NULL),
(1878, 752843, 46.9, 23.61, 1000.8, 59, 1188, 15.2, NULL, NULL, '2021-02-07 13:28:40', '', NULL, NULL, NULL),
(1879, 602082, 13.27, 0.31, 4.15, 45, 9.086, NULL, NULL, NULL, '2021-02-07 13:43:38', '', NULL, NULL, NULL),
(1880, 752843, 46.88, 23.37, 1000.9, 59, 2986, 15.01, NULL, NULL, '2021-02-07 13:58:42', '', NULL, NULL, NULL),
(1881, 752843, 46.87, 23.54, 1000.8, 59, 2905, 15.12, NULL, NULL, '2021-02-07 14:28:36', '', NULL, NULL, NULL),
(1882, 752843, 46.85, 23.44, 1001.3, 59, 1188, 15.12, NULL, NULL, '2021-02-07 15:28:42', '', NULL, NULL, NULL),
(1883, 752843, 46.83, 23.6, 1001.2, 59, 993, 15.17, NULL, NULL, '2021-02-07 15:58:39', '', NULL, NULL, NULL),
(1884, 602082, 13.2, -0.05, -0.74, 47, 9.538, NULL, NULL, NULL, '2021-02-07 16:13:38', '', NULL, NULL, NULL),
(1885, 752843, 46.83, 23.66, 1001.2, 59, 323, 15.26, NULL, NULL, '2021-02-07 16:28:37', '', NULL, NULL, NULL),
(1886, 602082, 13.18, -0.09, -1.24, 47, 9.501, NULL, NULL, NULL, '2021-02-07 16:43:41', '', NULL, NULL, NULL),
(1887, 752843, 46.82, 23.64, 1001.4, 59, 111, 15.21, NULL, NULL, '2021-02-07 16:58:36', '', NULL, NULL, NULL),
(1888, 602082, 13.15, -0.13, -1.73, 47, 9.444, NULL, NULL, NULL, '2021-02-07 17:13:35', '', NULL, NULL, NULL),
(1889, 602082, 13.14, -0.13, -1.73, 46, 9.378, NULL, NULL, NULL, '2021-02-07 17:43:35', '', NULL, NULL, NULL),
(1890, 752843, 46.8, 23.81, 1001.6, 59, 0, 15.31, NULL, NULL, '2021-02-07 17:58:37', '', NULL, NULL, NULL),
(1891, 602082, 13.13, -0.13, -1.74, 46, 9.312, NULL, NULL, NULL, '2021-02-07 18:13:35', '', NULL, NULL, NULL),
(1892, 752843, 46.79, 23.68, 1001.5, 59, 0, 15.22, NULL, NULL, '2021-02-07 18:28:41', '', NULL, NULL, NULL),
(1893, 602082, 13.12, -0.13, -1.73, 46, 9.246, NULL, NULL, NULL, '2021-02-07 18:43:34', '', NULL, NULL, NULL),
(1894, 752843, 46.79, 23.27, 1001.2, 59, 0, 14.89, NULL, NULL, '2021-02-07 18:58:39', '', NULL, NULL, NULL),
(1895, 602082, 13.11, -0.13, -1.73, 45, 9.18, NULL, NULL, NULL, '2021-02-07 19:13:37', '', NULL, NULL, NULL),
(1896, 752843, 46.79, 23.43, 1001.2, 58, 0, 14.89, NULL, NULL, '2021-02-07 19:28:37', '', NULL, NULL, NULL),
(1897, 602082, 13.11, -0.13, -1.73, 45, 9.113, NULL, NULL, NULL, '2021-02-07 19:43:35', '', NULL, NULL, NULL),
(1898, 752843, 46.79, 23.39, 1001.2, 59, 0, 15.08, NULL, NULL, '2021-02-07 19:58:38', '', NULL, NULL, NULL),
(1899, 602082, 13.1, -0.13, -1.74, 45, 9.047, NULL, NULL, NULL, '2021-02-07 20:13:40', '', NULL, NULL, NULL),
(1900, 602082, 13.09, -0.13, -1.73, 44, 8.981, NULL, NULL, NULL, '2021-02-07 20:43:38', '', NULL, NULL, NULL),
(1901, 602082, 13.09, -0.13, -1.73, 44, 8.914, NULL, NULL, NULL, '2021-02-07 21:13:37', '', NULL, NULL, NULL),
(1902, 602082, 13.08, -0.13, -1.73, 44, 8.848, NULL, NULL, NULL, '2021-02-07 21:43:37', '', NULL, NULL, NULL),
(1903, 752843, 46.78, 23.13, 1000.7, 59, 0, 14.75, NULL, NULL, '2021-02-07 21:58:36', '', NULL, NULL, NULL),
(1904, 602082, 13.07, -0.13, -1.73, 43, 8.782, NULL, NULL, NULL, '2021-02-07 22:13:47', '', NULL, NULL, NULL),
(1905, 752843, 46.78, 23.03, 1000.8, 59, 0, 14.76, NULL, NULL, '2021-02-07 22:28:41', '', NULL, NULL, NULL),
(1906, 602082, 13.07, -0.13, -1.73, 43, 8.715, NULL, NULL, NULL, '2021-02-07 22:43:35', '', NULL, NULL, NULL),
(1907, 752843, 46.79, 23.13, 1000.3, 59, 0, 14.8, NULL, NULL, '2021-02-07 22:58:39', '', NULL, NULL, NULL),
(1908, 602082, 13.07, -0.13, -1.73, 43, 8.649, NULL, NULL, NULL, '2021-02-07 23:13:37', '', NULL, NULL, NULL),
(1909, 752843, 46.79, 23.11, 1000.3, 59, 0, 14.76, NULL, NULL, '2021-02-07 23:28:36', '', NULL, NULL, NULL),
(1910, 602082, 13.06, -0.13, -1.8, 42, 8.581, NULL, NULL, NULL, '2021-02-07 23:43:40', '', NULL, NULL, NULL),
(1911, 752843, 46.79, 23.2, 1000, 59, 0, 14.86, NULL, NULL, '2021-02-07 23:58:36', '', NULL, NULL, NULL),
(1912, 752843, 46.79, 23.32, 999.9, 59, 0, 14.85, NULL, NULL, '2021-02-08 00:28:38', '', NULL, NULL, NULL),
(1913, 602082, 13.05, -0.13, -1.73, 42, 8.447, NULL, NULL, NULL, '2021-02-08 00:43:34', '', NULL, NULL, NULL),
(1914, 752843, 46.79, 23.25, 999.8, 59, 0, 14.95, NULL, NULL, '2021-02-08 00:58:39', '', NULL, NULL, NULL),
(1915, 602082, 13.05, -0.13, -1.74, 41, 8.38, NULL, NULL, NULL, '2021-02-08 01:13:35', '', NULL, NULL, NULL),
(1916, 602082, 13.04, -0.13, -1.73, 41, 8.313, NULL, NULL, NULL, '2021-02-08 01:43:37', '', NULL, NULL, NULL),
(1917, 752843, 46.78, 22.45, 999.7, 59, 0, 14.29, NULL, NULL, '2021-02-08 01:58:37', '', NULL, NULL, NULL),
(1918, 602082, 13.04, -0.13, -1.73, 41, 8.247, NULL, NULL, NULL, '2021-02-08 02:13:39', '', NULL, NULL, NULL),
(1919, 752843, 46.79, 22.81, 999.6, 59, 0, 14.52, NULL, NULL, '2021-02-08 02:28:39', '', NULL, NULL, NULL),
(1920, 602082, 13.04, -0.13, -1.73, 40, 8.18, NULL, NULL, NULL, '2021-02-08 02:43:34', '', NULL, NULL, NULL),
(1921, 752843, 46.78, 22.74, 999.4, 59, 0, 14.49, NULL, NULL, '2021-02-08 02:58:36', '', NULL, NULL, NULL),
(1922, 752843, 46.79, 22.93, 999.3, 59, 0, 14.62, NULL, NULL, '2021-02-08 03:28:38', '', NULL, NULL, NULL),
(1923, 602082, 13.03, -0.13, -1.73, 40, 8.047, NULL, NULL, NULL, '2021-02-08 03:43:34', '', NULL, NULL, NULL),
(1924, 752843, 46.79, 22.82, 999.1, 59, 0, 14.55, NULL, NULL, '2021-02-08 03:58:36', '', NULL, NULL, NULL),
(1925, 602082, 13.03, -0.13, -1.76, 39, 7.98, NULL, NULL, NULL, '2021-02-08 04:13:35', '', NULL, NULL, NULL),
(1926, 752843, 46.78, 22.57, 999.2, 59, 0, 14.38, NULL, NULL, '2021-02-08 04:28:36', '', NULL, NULL, NULL),
(1927, 602082, 13.02, -0.13, -1.73, 39, 7.913, NULL, NULL, NULL, '2021-02-08 04:43:37', '', NULL, NULL, NULL),
(1928, 752843, 46.78, 22.95, 999.2, 59, 0, 14.68, NULL, NULL, '2021-02-08 04:58:39', '', NULL, NULL, NULL),
(1929, 602082, 13.02, -0.13, -1.72, 39, 7.847, NULL, NULL, NULL, '2021-02-08 05:13:37', '', NULL, NULL, NULL),
(1930, 752843, 46.78, 22.7, 999, 60, 0, 14.6, NULL, NULL, '2021-02-08 05:28:36', '', NULL, NULL, NULL),
(1931, 602082, 13.01, -0.13, -1.72, 38, 7.78, NULL, NULL, NULL, '2021-02-08 05:43:34', '', NULL, NULL, NULL),
(1932, 752843, 46.79, 22.51, 998.9, 59, 0, 14.36, NULL, NULL, '2021-02-08 05:58:37', '', NULL, NULL, NULL),
(1933, 602082, 13.01, -0.13, -1.74, 38, 7.714, NULL, NULL, NULL, '2021-02-08 06:13:34', '', NULL, NULL, NULL),
(1934, 752843, 46.79, 22.6, 999, 59, 0, 14.4, NULL, NULL, '2021-02-08 06:28:36', '', NULL, NULL, NULL),
(1935, 602082, 13, -0.18, -2.41, 38, 7.634, NULL, NULL, NULL, '2021-02-08 06:43:35', '', NULL, NULL, NULL),
(1936, 752843, 46.79, 22.72, 999.1, 59, 1, 14.5, NULL, NULL, '2021-02-08 06:58:35', '', NULL, NULL, NULL),
(1937, 602082, 13.01, -0.13, -1.73, 37, 7.554, NULL, NULL, NULL, '2021-02-08 07:13:37', '', NULL, NULL, NULL),
(1938, 752843, 46.79, 22.2, 999, 59, 55, 13.93, NULL, NULL, '2021-02-08 07:28:36', '', NULL, NULL, NULL),
(1939, 602082, 13.02, -0.1, -1.42, 37, 7.493, NULL, NULL, NULL, '2021-02-08 07:43:35', '', NULL, NULL, NULL),
(1940, 752843, 46.79, 23.16, 999.1, 59, 239, 14.85, NULL, NULL, '2021-02-08 07:58:39', '', NULL, NULL, NULL),
(1941, 602082, 13.03, -0.07, -1.01, 37, 7.446, NULL, NULL, NULL, '2021-02-08 08:13:37', '', NULL, NULL, NULL),
(1942, 752843, 46.79, 22.96, 999.1, 59, 637, 14.72, NULL, NULL, '2021-02-08 08:28:38', '', NULL, NULL, NULL),
(1943, 602082, 13.07, 0, -0.06, 37, 7.426, NULL, NULL, NULL, '2021-02-08 08:43:37', '', NULL, NULL, NULL),
(1944, 752843, 46.79, 22.76, 999.2, 59, 1254, 14.48, NULL, NULL, '2021-02-08 08:58:36', '', NULL, NULL, NULL),
(1945, 602082, 13.13, 0.06, 0.86, 37, 7.441, NULL, NULL, NULL, '2021-02-08 09:13:37', '', NULL, NULL, NULL),
(1946, 752843, 46.79, 22.69, 999.4, 59, 809, 14.37, NULL, NULL, '2021-02-08 09:28:36', '', NULL, NULL, NULL),
(1947, 602082, 13.11, 0.01, 0.2, 37, 7.461, NULL, NULL, NULL, '2021-02-08 09:43:39', '', NULL, NULL, NULL),
(1948, 752843, 46.79, 22.62, 999.4, 59, 652, 14.36, NULL, NULL, '2021-02-08 09:58:38', '', NULL, NULL, NULL),
(1949, 602082, 13.23, 0.25, 3.34, 37, 7.543, NULL, NULL, NULL, '2021-02-08 10:43:35', '', NULL, NULL, NULL),
(1950, 602082, 13.32, 0.42, 5.68, 38, 7.713, NULL, NULL, NULL, '2021-02-08 11:13:35', '', NULL, NULL, NULL),
(1951, 752843, 46.8, 22.07, 999.5, 59, 3534, 13.96, NULL, NULL, '2021-02-08 11:28:39', '', NULL, NULL, NULL),
(1952, 602082, 13.32, 0.37, 5.05, 39, 7.914, NULL, NULL, NULL, '2021-02-08 11:43:35', '', NULL, NULL, NULL),
(1953, 752843, 46.8, 22.12, 999.4, 59, 2966, 13.94, NULL, NULL, '2021-02-08 11:58:36', '', NULL, NULL, NULL),
(1954, 602082, 13.33, 0.41, 5.49, 40, 8.112, NULL, NULL, NULL, '2021-02-08 12:13:37', '', NULL, NULL, NULL),
(1955, 752843, 46.8, 21.93, 999.2, 59, 3782, 13.73, NULL, NULL, '2021-02-08 12:28:39', '', NULL, NULL, NULL),
(1956, 602082, 13.39, 0.61, 8.17, 41, 8.367, NULL, NULL, NULL, '2021-02-08 12:43:34', '', NULL, NULL, NULL),
(1957, 752843, 46.79, 21.96, 998.9, 59, 4426, 13.83, NULL, NULL, '2021-02-08 12:58:36', '', NULL, NULL, NULL),
(1958, 602082, 13.34, 0.4, 5.39, 43, 8.621, NULL, NULL, NULL, '2021-02-08 13:13:35', '', NULL, NULL, NULL),
(1959, 752843, 46.79, 21.95, 998.8, 60, 1517, 13.85, NULL, NULL, '2021-02-08 13:58:36', '', NULL, NULL, NULL),
(1960, 602082, 13.24, 0.04, 0.58, 44, 8.804, NULL, NULL, NULL, '2021-02-08 14:13:37', '', NULL, NULL, NULL),
(1961, 752843, 46.78, 21.76, 998.9, 59, 1156, 13.67, NULL, NULL, '2021-02-08 14:28:36', '', NULL, NULL, NULL),
(1962, 752843, 46.78, 21.7, 999.1, 60, 835, 13.65, NULL, NULL, '2021-02-08 14:58:38', '', NULL, NULL, NULL),
(1963, 752843, 46.77, 21.69, 999.6, 60, 464, 13.68, NULL, NULL, '2021-02-08 15:58:36', '', NULL, NULL, NULL),
(1964, 602082, 13.16, -0.09, -1.28, 43, 8.789, NULL, NULL, NULL, '2021-02-08 16:13:35', '', NULL, NULL, NULL),
(1965, 752843, 46.76, 21.82, 999.5, 59, 203, 13.7, NULL, NULL, '2021-02-08 16:28:35', '', NULL, NULL, NULL),
(1966, 752843, 46.76, 21.65, 1000.2, 60, 0, 13.59, NULL, NULL, '2021-02-08 17:58:39', '', NULL, NULL, NULL),
(1967, 602082, 13.09, -0.13, -1.73, 42, 8.536, NULL, NULL, NULL, '2021-02-08 18:13:37', '', NULL, NULL, NULL),
(1968, 752843, 46.75, 21.67, 1000.3, 60, 0, 13.62, NULL, NULL, '2021-02-08 18:28:39', '', NULL, NULL, NULL),
(1969, 602082, 13.05, -0.13, -1.74, 41, 8.336, NULL, NULL, NULL, '2021-02-08 19:43:34', '', NULL, NULL, NULL),
(1970, 602082, 13.04, -0.13, -1.72, 41, 8.203, NULL, NULL, NULL, '2021-02-08 20:43:37', '', NULL, NULL, NULL),
(1971, 752843, 46.75, 21.51, 1001.5, 60, 0, 13.67, NULL, NULL, '2021-02-08 21:58:36', '', NULL, NULL, NULL),
(1972, 752843, 46.76, 21.55, 1001.7, 60, 0, 13.5, NULL, NULL, '2021-02-08 22:28:38', '', NULL, NULL, NULL),
(1973, 602082, 13.02, -0.13, -1.76, 39, 7.936, NULL, NULL, NULL, '2021-02-08 22:43:35', '', NULL, NULL, NULL),
(1974, 752843, 46.76, 21.39, 1001.9, 60, 0, 13.51, NULL, NULL, '2021-02-08 22:58:36', '', NULL, NULL, NULL),
(1975, 602082, 13.01, -0.13, -1.74, 39, 7.869, NULL, NULL, NULL, '2021-02-08 23:13:34', '', NULL, NULL, NULL),
(1976, 752843, 46.77, 21.31, 1002.5, 60, 0, 13.44, NULL, NULL, '2021-02-08 23:28:36', '', NULL, NULL, NULL),
(1977, 752843, 46.77, 21.13, 1002.8, 60, 0, 13.21, NULL, NULL, '2021-02-09 00:28:41', '', NULL, NULL, NULL),
(1978, 752843, 46.78, 20.58, 1003.7, 60, 0, 12.69, NULL, NULL, '2021-02-09 01:28:35', '', NULL, NULL, NULL),
(1979, 752843, 46.77, 20.75, 1004.1, 60, 0, 12.85, NULL, NULL, '2021-02-09 01:58:36', '', NULL, NULL, NULL),
(1980, 602082, 12.99, -0.13, -1.73, 37, 7.469, NULL, NULL, NULL, '2021-02-09 02:13:34', '', NULL, NULL, NULL),
(1981, 752843, 46.78, 20.86, 1004.4, 60, 0, 13.01, NULL, NULL, '2021-02-09 02:28:41', '', NULL, NULL, NULL),
(1982, 602082, 12.99, -0.13, -1.73, 37, 7.402, NULL, NULL, NULL, '2021-02-09 02:43:36', '', NULL, NULL, NULL),
(1983, 752843, 46.78, 21.05, 1003.9, 60, 0, 13.16, NULL, NULL, '2021-02-09 02:58:45', '', NULL, NULL, NULL),
(1984, 602082, 12.99, -0.13, -1.72, 36, 7.269, NULL, NULL, NULL, '2021-02-09 03:43:34', '', NULL, NULL, NULL),
(1985, 752843, 46.78, 20.94, 1003.3, 60, 0, 13.1, NULL, NULL, '2021-02-09 03:58:40', '', NULL, NULL, NULL),
(1986, 602082, 12.98, -0.13, -1.74, 35, 7.136, NULL, NULL, NULL, '2021-02-09 04:43:37', '', NULL, NULL, NULL),
(1987, 752843, 46.79, 20.98, 1003.2, 60, 0, 13.13, NULL, NULL, '2021-02-09 04:58:35', '', NULL, NULL, NULL),
(1988, 752843, 46.78, 20.77, 1003, 61, 0, 13, NULL, NULL, '2021-02-09 05:28:35', '', NULL, NULL, NULL),
(1989, 602082, 12.97, -0.13, -1.72, 35, 7.002, NULL, NULL, NULL, '2021-02-09 05:43:34', '', NULL, NULL, NULL),
(1990, 602082, 12.97, -0.13, -1.73, 34, 6.935, NULL, NULL, NULL, '2021-02-09 06:13:36', '', NULL, NULL, NULL),
(1991, 752843, 46.78, 20.73, 1003.2, 60, 0, 12.9, NULL, NULL, '2021-02-09 06:28:41', '', NULL, NULL, NULL),
(1992, 602082, 12.97, -0.13, -1.71, 34, 6.869, NULL, NULL, NULL, '2021-02-09 06:43:38', '', NULL, NULL, NULL),
(1993, 602082, 12.97, -0.13, -1.73, 34, 6.802, NULL, NULL, NULL, '2021-02-09 07:13:34', '', NULL, NULL, NULL),
(1994, 752843, 46.78, 21.04, 1003.6, 60, 49, 13.15, NULL, NULL, '2021-02-09 07:28:35', '', NULL, NULL, NULL),
(1995, 752843, 46.78, 20.48, 1003.3, 60, 268, 12.64, NULL, NULL, '2021-02-09 07:58:36', '', NULL, NULL, NULL),
(1996, 602082, 12.99, -0.07, -1.02, 33, 6.683, NULL, NULL, NULL, '2021-02-09 08:13:34', '', NULL, NULL, NULL),
(1997, 752843, 46.78, 20.66, 1003.7, 61, 345, 12.9, NULL, NULL, '2021-02-09 08:28:38', '', NULL, NULL, NULL),
(1998, 602082, 12.99, -0.07, -1.01, 33, 6.644, NULL, NULL, NULL, '2021-02-09 08:43:34', '', NULL, NULL, NULL),
(1999, 602082, 13.04, 0, 0.1, 33, 6.626, NULL, NULL, NULL, '2021-02-09 09:13:47', '', NULL, NULL, NULL),
(2000, 752843, 46.78, 20.9, 1003.9, 60, 1343, 13.02, NULL, NULL, '2021-02-09 09:28:40', '', NULL, NULL, NULL),
(2001, 602082, 13.11, 0.13, 1.71, 33, 6.671, NULL, NULL, NULL, '2021-02-09 10:13:37', '', NULL, NULL, NULL),
(2002, 752843, 46.78, 21.36, 1003.3, 60, 2186, 13.4, NULL, NULL, '2021-02-09 10:28:35', '', NULL, NULL, NULL),
(2003, 602082, 13.2, 0.15, 2.08, 33, 6.743, NULL, NULL, NULL, '2021-02-09 10:43:34', '', NULL, NULL, NULL),
(2004, 752843, 46.78, 21.18, 1003, 60, 2096, 13.23, NULL, NULL, '2021-02-09 10:58:35', '', NULL, NULL, NULL),
(2005, 752843, 46.77, 20.71, 1002.7, 60, 4619, 12.83, NULL, NULL, '2021-02-09 11:28:57', '', NULL, NULL, NULL),
(2006, 602082, 13.36, 0.47, 6.3, 35, 7.07, NULL, NULL, NULL, '2021-02-09 11:43:52', '', NULL, NULL, NULL),
(2007, 752843, 46.79, 20.92, 1002.5, 60, 2975, 12.99, NULL, NULL, '2021-02-09 11:58:35', '', NULL, NULL, NULL),
(2008, 602082, 13.3, 0.3, 4.07, 36, 7.265, NULL, NULL, NULL, '2021-02-09 12:13:34', '', NULL, NULL, NULL),
(2009, 752843, 46.77, 20.92, 1001.4, 60, 6224, 13.03, NULL, NULL, '2021-02-09 12:58:35', '', NULL, NULL, NULL),
(2010, 602082, 13.13, -0.12, -1.67, 36, 7.246, NULL, NULL, NULL, '2021-02-09 13:13:40', '', NULL, NULL, NULL),
(2011, 752843, 46.78, 21.13, 1000.8, 60, 5425, 13.22, NULL, NULL, '2021-02-09 13:28:35', '', NULL, NULL, NULL),
(2012, 602082, 13.1, -0.13, -1.75, 35, 7.18, NULL, NULL, NULL, '2021-02-09 13:43:35', '', NULL, NULL, NULL),
(2013, 752843, 46.79, 20.48, 1000.2, 60, 2580, 12.62, NULL, NULL, '2021-02-09 14:28:35', '', NULL, NULL, NULL),
(2014, 602082, 13.01, -0.12, -1.65, 34, 6.919, NULL, NULL, NULL, '2021-02-09 15:43:38', '', NULL, NULL, NULL),
(2015, 752843, 46.77, 20.21, 999.8, 60, 423, 12.4, NULL, NULL, '2021-02-09 15:58:38', '', NULL, NULL, NULL),
(2016, 602082, 12.99, -0.12, -1.66, 34, 6.856, NULL, NULL, NULL, '2021-02-09 16:13:34', '', NULL, NULL, NULL),
(2017, 752843, 46.78, 20.39, 999.4, 60, 373, 12.64, NULL, NULL, '2021-02-09 16:28:37', '', NULL, NULL, NULL),
(2018, 602082, 12.98, -0.12, -1.65, 33, 6.792, NULL, NULL, NULL, '2021-02-09 16:43:37', '', NULL, NULL, NULL),
(2019, 602082, 12.97, -0.13, -1.71, 33, 6.727, NULL, NULL, NULL, '2021-02-09 17:13:33', '', NULL, NULL, NULL),
(2020, 752843, 46.82, 20.38, 999.4, 60, 2, 12.56, NULL, NULL, '2021-02-09 17:28:35', '', NULL, NULL, NULL),
(2021, 602082, 12.97, -0.13, -1.73, 33, 6.66, NULL, NULL, NULL, '2021-02-09 17:43:38', '', NULL, NULL, NULL),
(2022, 752843, 46.84, 20.31, 999.4, 61, 0, 12.56, NULL, NULL, '2021-02-09 17:58:40', '', NULL, NULL, NULL),
(2023, 602082, 12.96, -0.13, -1.71, 32, 6.594, NULL, NULL, NULL, '2021-02-09 18:13:34', '', NULL, NULL, NULL),
(2024, 752843, 46.94, 20.47, 999.5, 60, 0, 12.64, NULL, NULL, '2021-02-09 18:28:37', '', NULL, NULL, NULL),
(2025, 602082, 12.96, -0.13, -1.72, 32, 6.528, NULL, NULL, NULL, '2021-02-09 18:43:33', '', NULL, NULL, NULL),
(2026, 602082, 12.95, -0.13, -1.72, 32, 6.461, NULL, NULL, NULL, '2021-02-09 19:13:36', '', NULL, NULL, NULL),
(2027, 602082, 12.95, -0.13, -1.72, 31, 6.395, NULL, NULL, NULL, '2021-02-09 19:43:35', '', NULL, NULL, NULL),
(2028, 752843, 47.25, 20.43, 999, 60, 0, 12.57, NULL, NULL, '2021-02-09 19:58:40', '', NULL, NULL, NULL),
(2029, 602082, 12.95, -0.13, -1.71, 31, 6.262, NULL, NULL, NULL, '2021-02-09 20:43:34', '', NULL, NULL, NULL),
(2030, 752843, 47.47, 20.08, 998.9, 60, 0, 12.29, NULL, NULL, '2021-02-09 20:58:36', '', NULL, NULL, NULL),
(2031, 602082, 12.94, -0.13, -1.75, 30, 6.195, NULL, NULL, NULL, '2021-02-09 21:13:34', '', NULL, NULL, NULL),
(2032, 752843, 47.59, 20.32, 999, 60, 0, 12.49, NULL, NULL, '2021-02-09 21:28:35', '', NULL, NULL, NULL),
(2033, 752843, 47.83, 19.66, 998.9, 60, 0, 11.92, NULL, NULL, '2021-02-09 22:28:38', '', NULL, NULL, NULL),
(2034, 602082, 12.93, -0.13, -1.72, 29, 5.995, NULL, NULL, NULL, '2021-02-09 22:43:33', '', NULL, NULL, NULL),
(2035, 752843, 47.87, 19.72, 999.1, 61, 0, 12.02, NULL, NULL, '2021-02-09 22:58:34', '', NULL, NULL, NULL),
(2036, 602082, 12.93, -0.13, -1.72, 29, 5.928, NULL, NULL, NULL, '2021-02-09 23:13:34', '', NULL, NULL, NULL),
(2037, 602082, 12.93, -0.13, -1.71, 28, 5.796, NULL, NULL, NULL, '2021-02-10 00:13:38', '', NULL, NULL, NULL),
(2038, 752843, 47.98, 19.81, 999.8, 60, 0, 11.99, NULL, NULL, '2021-02-10 00:28:35', '', NULL, NULL, NULL),
(2039, 602082, 12.93, -0.13, -1.72, 28, 5.729, NULL, NULL, NULL, '2021-02-10 00:43:34', '', NULL, NULL, NULL),
(2040, 602082, 12.93, -0.13, -1.71, 28, 5.663, NULL, NULL, NULL, '2021-02-10 01:13:33', '', NULL, NULL, NULL),
(2041, 602082, 12.93, -0.13, -1.72, 27, 5.596, NULL, NULL, NULL, '2021-02-10 01:43:38', '', NULL, NULL, NULL),
(2042, 752843, 48.09, 20.6, 1000.6, 60, 0, 12.59, NULL, NULL, '2021-02-10 01:58:35', '', NULL, NULL, NULL),
(2043, 602082, 12.92, -0.13, -1.8, 27, 5.528, NULL, NULL, NULL, '2021-02-10 02:13:34', '', NULL, NULL, NULL),
(2044, 752843, 48.1, 20.3, 1000.8, 60, 0, 12.31, NULL, NULL, '2021-02-10 02:28:35', '', NULL, NULL, NULL),
(2045, 752843, 48.12, 20.21, 1000.7, 60, 0, 12.4, NULL, NULL, '2021-02-10 02:58:35', '', NULL, NULL, NULL),
(2046, 602082, 12.91, -0.13, -1.71, 26, 5.393, NULL, NULL, NULL, '2021-02-10 03:13:38', '', NULL, NULL, NULL),
(2047, 602082, 12.91, -0.13, -1.71, 26, 5.327, NULL, NULL, NULL, '2021-02-10 03:43:34', '', NULL, NULL, NULL),
(2048, 752843, 48.14, 20.25, 1001.6, 60, 0, 12.44, NULL, NULL, '2021-02-10 03:58:35', '', NULL, NULL, NULL),
(2049, 752843, 48.13, 20.41, 1001.9, 60, 0, 12.45, NULL, NULL, '2021-02-10 04:28:37', '', NULL, NULL, NULL),
(2050, 602082, 12.9, -0.13, -1.74, 25, 5.193, NULL, NULL, NULL, '2021-02-10 04:43:36', '', NULL, NULL, NULL),
(2051, 752843, 48.13, 20.37, 1002.4, 60, 0, 12.44, NULL, NULL, '2021-02-10 04:58:37', '', NULL, NULL, NULL),
(2052, 602082, 12.89, -0.13, -1.72, 25, 5.06, NULL, NULL, NULL, '2021-02-10 05:43:35', '', NULL, NULL, NULL),
(2053, 752843, 48.12, 20.35, 1004.4, 60, 0, 12.33, NULL, NULL, '2021-02-10 06:28:39', '', NULL, NULL, NULL),
(2054, 602082, 12.89, -0.13, -1.71, 24, 4.926, NULL, NULL, NULL, '2021-02-10 06:43:38', '', NULL, NULL, NULL),
(2055, 602082, 12.88, -0.13, -1.71, 24, 4.86, NULL, NULL, NULL, '2021-02-10 07:13:33', '', NULL, NULL, NULL),
(2056, 602082, 12.87, -0.13, -1.72, 23, 4.793, NULL, NULL, NULL, '2021-02-10 07:43:33', '', NULL, NULL, NULL),
(2057, 752843, 48.15, 20.14, 1006.9, 60, 1558, 12.27, NULL, NULL, '2021-02-10 07:58:39', '', NULL, NULL, NULL),
(2058, 602082, 12.87, -0.11, -1.41, 23, 4.668, NULL, NULL, NULL, '2021-02-10 08:43:33', '', NULL, NULL, NULL),
(2059, 602082, 12.86, -0.13, -1.71, 23, 4.607, NULL, NULL, NULL, '2021-02-10 09:13:40', '', NULL, NULL, NULL),
(2060, 752843, 48.14, 20.37, 1010.4, 60, 14537, 12.51, NULL, NULL, '2021-02-10 10:28:38', '', NULL, NULL, NULL),
(2061, 602082, 13.55, 1.18, 16.09, 30, 6.154, NULL, NULL, NULL, '2021-02-10 10:43:34', '', NULL, NULL, NULL),
(2062, 602082, 13.71, 1.96, 27, 34, 6.943, NULL, NULL, NULL, '2021-02-10 11:13:36', '', NULL, NULL, NULL),
(2063, 752843, 48.11, 19.94, 1011.7, 60, 32079, 12.03, NULL, NULL, '2021-02-10 11:28:35', '', NULL, NULL, NULL),
(2064, 602082, 13.72, 2.13, 29.37, 39, 7.97, NULL, NULL, NULL, '2021-02-10 11:43:33', '', NULL, NULL, NULL),
(2065, 752843, 48.08, 20.18, 1011.9, 60, 31292, 12.33, NULL, NULL, '2021-02-10 11:58:38', '', NULL, NULL, NULL),
(2066, 602082, 13.23, -0.13, -1.73, 42, 8.407, NULL, NULL, NULL, '2021-02-10 12:43:35', '', NULL, NULL, NULL),
(2067, 752843, 48.06, 20.1, 1012.8, 59, 18326, 12.08, NULL, NULL, '2021-02-10 12:58:37', '', NULL, NULL, NULL),
(2068, 752843, 48.03, 19.9, 1013.1, 60, 12503, 11.91, NULL, NULL, '2021-02-10 13:28:39', '', NULL, NULL, NULL),
(2069, 602082, 13.17, -0.13, -1.73, 41, 8.275, NULL, NULL, NULL, '2021-02-10 13:43:33', '', NULL, NULL, NULL),
(2070, 602082, 13.17, -0.13, -1.73, 41, 8.275, NULL, NULL, NULL, '2021-02-10 13:44:43', '', NULL, NULL, NULL),
(2071, 602082, 13.99, 2.61, 36.53, 44, 8.895, NULL, NULL, NULL, '2021-02-10 14:13:33', '', NULL, NULL, NULL),
(2072, 752843, 47.97, 19.84, 1014.3, 60, 12246, 11.92, NULL, NULL, '2021-02-10 14:28:37', '', NULL, NULL, NULL),
(2073, 602082, 13.97, 3.11, 43.53, 51, 10.327, NULL, NULL, NULL, '2021-02-10 14:43:38', '', NULL, NULL, NULL),
(2074, 752843, 47.97, 19.84, 1014.9, 60, 9695, 11.86, NULL, NULL, '2021-02-10 14:58:42', '', NULL, NULL, NULL),
(2075, 602082, 13.96, 3.2, 44.68, 59, 11.905, NULL, NULL, NULL, '2021-02-10 15:13:34', '', NULL, NULL, NULL),
(2076, 602082, 13.9, 2.62, 36.52, 66, 13.362, NULL, NULL, NULL, '2021-02-10 15:43:33', '', NULL, NULL, NULL),
(2077, 602082, 13.29, -0.13, -1.74, 73, 14.748, NULL, NULL, NULL, '2021-02-10 17:43:32', '', NULL, NULL, NULL),
(2078, 752843, 47.94, 19.31, 1017.4, 60, 0, 11.39, NULL, NULL, '2021-02-10 17:58:35', '', NULL, NULL, NULL),
(2079, 752843, 47.94, 19.94, 1018.1, 60, 0, 11.98, NULL, NULL, '2021-02-10 18:28:38', '', NULL, NULL, NULL),
(2080, 602082, 13.25, -0.13, -1.73, 73, 14.617, NULL, NULL, NULL, '2021-02-10 18:43:32', '', NULL, NULL, NULL),
(2081, 752843, 47.95, 19.78, 1018.5, 60, 0, 11.82, NULL, NULL, '2021-02-10 18:58:37', '', NULL, NULL, NULL),
(2082, 602082, 13.24, -0.13, -1.73, 72, 14.552, NULL, NULL, NULL, '2021-02-10 19:13:32', '', NULL, NULL, NULL);

--
-- Déclencheurs `feeds`
--
DELIMITER $$
CREATE TRIGGER `after_insert_feeds` AFTER INSERT ON `feeds` FOR EACH ROW UPDATE `channels` SET `last_entry_id`= (SELECT count(*) FROM `feeds` WHERE `id_channel` = NEW.id_channel) , `last_write_at`=NOW() WHERE `id` = NEW.id_channel
$$
DELIMITER ;

-- --------------------------------------------------------

--
-- Doublure de structure pour la vue `login_things`
-- (Voir ci-dessous la vue réelle)
--
CREATE TABLE `login_things` (
`id` int(11)
,`login` varchar(25)
,`name` varchar(50)
,`tag` varchar(50)
,`status` enum('public','private')
,`idDevice` varchar(20)
,`local_ip_address` varchar(20)
);

-- --------------------------------------------------------

--
-- Structure de la table `Matlab_Visu`
--

CREATE TABLE `Matlab_Visu` (
  `id` int(11) NOT NULL,
  `things_id` int(11) NOT NULL,
  `thing_speak_id` int(11) NOT NULL,
  `name` varchar(50) NOT NULL
) ENGINE=InnoDB DEFAULT CHARSET=utf8mb4;

--
-- Contenu de la table `Matlab_Visu`
--

INSERT INTO `Matlab_Visu` (`id`, `things_id`, `thing_speak_id`, `name`) VALUES
(1, 3, 291595, 'Poids Température'),
(2, 3, 291596, 'Histogramme'),
(3, 3, 291615, 'Humidity / Temperature'),
(4, 1, 257736, 'Wind speed compass'),
(5, 3, 257736, 'Wind speed compass'),
(6, 1, 256601, 'Histogram Temperature'),
(7, 2, 256962, 'Histogram Temperature');

-- --------------------------------------------------------

--
-- Structure de la table `reacts`
--

CREATE TABLE `reacts` (
  `id` int(11) NOT NULL,
  `user_id` int(11) NOT NULL,
  `name` varchar(50) NOT NULL,
  `react_type` varchar(10) NOT NULL DEFAULT 'numeric',
  `run_interval` int(11) DEFAULT NULL,
  `run_on_insertion` tinyint(1) NOT NULL DEFAULT 0,
  `last_run_at` timestamp NULL DEFAULT NULL,
  `channel_id` int(11) DEFAULT NULL,
  `field_number` int(11) DEFAULT NULL,
  `condition` varchar(15) NOT NULL,
  `condition_value` float DEFAULT NULL,
  `actionable_id` int(11) NOT NULL,
  `last_result` int(11) DEFAULT NULL,
  `actionable_type` varchar(15) NOT NULL DEFAULT 'Thinghttp',
  `action_value` float DEFAULT NULL,
  `latest_value` float DEFAULT NULL,
  `run_action_every_time` tinyint(1) NOT NULL DEFAULT 0
) ENGINE=InnoDB DEFAULT CHARSET=utf8mb4;

--
-- Contenu de la table `reacts`
--

INSERT INTO `reacts` (`id`, `user_id`, `name`, `react_type`, `run_interval`, `run_on_insertion`, `last_run_at`, `channel_id`, `field_number`, `condition`, `condition_value`, `actionable_id`, `last_result`, `actionable_type`, `action_value`, `latest_value`, `run_action_every_time`) VALUES
(1, 2, 'Tessé Batterie déchargée', 'numeric', 0, 1, NULL, 556419, 4, 'lte', 10, 11, 0, 'thingHTTP', NULL, NULL, 0),
(3, 1, 'Essaimage ', 'numeric', 0, 1, NULL, 684316, 1, 'lte', -0.5, 7, NULL, 'thingHTTP', NULL, NULL, 0),
(4, 0, 'Batterie chargée', 'numeric', 0, 1, '2020-05-15 09:10:01', 556419, 4, 'eq', 100, 8, 0, 'thingHTTP', 100, NULL, 0),
(7, 2, 'Danemark poids > 52', 'numeric', 0, 1, '2020-05-10 16:30:05', 566173, 1, 'gt', 52, 7, 0, 'thingHTTP', 50.06, NULL, 0),
(8, 2, 'Oizé température < 20', 'numeric', 60, 0, '2020-05-15 18:30:07', 558210, 2, 'lt', 20, 10, 1, 'thingHTTP', 19.47, NULL, 0),
(9, 0, 'Il fait jour', 'numeric', 0, 1, NULL, 539387, 1, 'gt', 0, 1, 0, '', NULL, NULL, 0),
(11, 0, 'tension battery', 'numeric', 0, 1, '2020-05-20 16:14:13', 556419, 1, 'gt', 13, 8, 0, 'thingHTTP', 13.2, NULL, 0),
(14, 0, 'France not updated', 'nodata', 60, 0, NULL, 752839, 0, '', 60, 6, NULL, 'thingHTTP', NULL, NULL, 0),
(15, 0, 'No data Tessé', 'nodata', 60, 0, '2020-05-20 18:50:19', 539387, 0, '', 60, 12, 0, 'thingHTTP', 0, NULL, 1),
(23, 8, 'trop froid', 'numeric', 0, 1, NULL, 788573, 2, 'lt', 17, 13, NULL, 'thingHTTP', NULL, NULL, 0);

-- --------------------------------------------------------

--
-- Structure de la table `scripts`
--

CREATE TABLE `scripts` (
  `id` int(11) NOT NULL,
  `user_id` int(11) NOT NULL,
  `name` varchar(50) NOT NULL,
  `code` text NOT NULL,
  `language` varchar(50) NOT NULL,
  `created_at` timestamp NOT NULL DEFAULT current_timestamp()
) ENGINE=InnoDB DEFAULT CHARSET=utf8mb4;

--
-- Contenu de la table `scripts`
--

INSERT INTO `scripts` (`id`, `user_id`, `name`, `code`, `language`, `created_at`) VALUES
(1, 2, 'Ecrire la date dans le fichier datelog.txt', 'echo \"Tâche planifiée exécutée le `date`\" >> /home/pi/datelog.txt 2>&1', 'shell', '2021-02-25 23:00:00'),
(2, 0, 'test php', '//Insert your code here\r\nfor($i=0; $i<5; $i++){\r\n	echo \"{$i} test php\\n\";\r\n}', 'php', '2021-03-01 12:35:20'),
(3, 2, 'whoami', '#Insert your code here\r\nwhoami;  pwd', 'shell', '2021-03-02 16:26:58'),
(4, 0, 'list crontab for www-data', '#Insert your code here\r\ncrontab -l -u www-data', 'shell', '2021-03-06 08:29:08'),
(5, 8, 'test classe channel', '#Insert your code here\r\nuse Aggregator\\Support\\Channel;\r\n\r\n	$channel = new Channel(	$bdd, 752843);\r\n    print_r($channel->read(\"field1\",10));\r\n    $channel->showProperty();', 'php', '2021-03-06 16:35:24');

-- --------------------------------------------------------

--
-- Structure de la table `sigfox`
--

CREATE TABLE `sigfox` (
  `id` int(11) NOT NULL,
  `idDevice` varchar(25) NOT NULL,
  `seqNumber` int(11) DEFAULT NULL,
  `time` timestamp NOT NULL DEFAULT current_timestamp(),
  `data` varchar(60) NOT NULL,
  `type` int(3) DEFAULT NULL,
  `field1` int(11) DEFAULT NULL,
  `field2` int(11) DEFAULT NULL,
  `field3` int(11) DEFAULT NULL,
  `field4` int(11) DEFAULT NULL,
  `field5` int(11) DEFAULT NULL,
  `field6` int(11) DEFAULT NULL,
  `callbacks` varchar(250) DEFAULT NULL,
  `lqi` varchar(20) DEFAULT NULL,
  `operatorName` varchar(50) DEFAULT NULL,
  `latitude` decimal(15,10) DEFAULT NULL,
  `longitude` decimal(15,10) DEFAULT NULL,
  `radius` int(10) DEFAULT NULL,
  `source` int(1) DEFAULT NULL
) ENGINE=InnoDB DEFAULT CHARSET=latin1;

-- --------------------------------------------------------

--
-- Structure de la table `sigfox_events`
--

CREATE TABLE `sigfox_events` (
  `id` int(11) NOT NULL,
  `time` timestamp NOT NULL DEFAULT current_timestamp(),
  `sourceId` varchar(10) NOT NULL,
  `eventType` varchar(20) NOT NULL,
  `severity` varchar(20) NOT NULL,
  `description` varchar(200) DEFAULT NULL,
  `status` int(11) NOT NULL
) ENGINE=InnoDB DEFAULT CHARSET=utf8mb4;

-- --------------------------------------------------------

--
-- Structure de la table `thinghttps`
--

CREATE TABLE `thinghttps` (
  `id` int(11) NOT NULL,
  `user_id` int(11) NOT NULL,
  `api_key` varchar(16) CHARACTER SET utf8 COLLATE utf8_unicode_ci NOT NULL,
  `url` varchar(250) CHARACTER SET utf8 COLLATE utf8_unicode_ci NOT NULL,
  `auth_name` varchar(50) NOT NULL,
  `auth_pass` varchar(50) NOT NULL,
  `method` enum('GET','POST','PUT','DELETE') CHARACTER SET utf8 COLLATE utf8_unicode_ci NOT NULL,
  `content_type` varchar(50) CHARACTER SET utf8 COLLATE utf8_unicode_ci NOT NULL,
  `http_version` enum('1.1','1.0') CHARACTER SET utf8 COLLATE utf8_unicode_ci NOT NULL,
  `host` varchar(50) CHARACTER SET utf8 COLLATE utf8_unicode_ci NOT NULL,
  `body` text CHARACTER SET utf8 COLLATE utf8_unicode_ci NOT NULL,
  `name` varchar(50) CHARACTER SET utf8 COLLATE utf8_unicode_ci NOT NULL,
  `parse` varchar(50) CHARACTER SET utf8 COLLATE utf8_unicode_ci NOT NULL,
  `created_at` timestamp NOT NULL DEFAULT current_timestamp()
) ENGINE=InnoDB DEFAULT CHARSET=utf8mb4;

--
-- Contenu de la table `thinghttps`
--

INSERT INTO `thinghttps` (`id`, `user_id`, `api_key`, `url`, `auth_name`, `auth_pass`, `method`, `content_type`, `http_version`, `host`, `body`, `name`, `parse`, `created_at`) VALUES
(1, 0, 'RXP8L3RLIKD8DP', 'https://philippes.ddns.net/Ruche/api/sendSMS', '', '', 'POST', '', '1.1', '', 'key=RC8IK9LVVYEYZNSM&number=0652472542&message=Ruche%20France%20%3A%20Variation%20du%20poids%20%C3%A0%20la%20hausse%20anormale%20!', 'SMS - Hausse du poids anormale - Ruche France', '', '2019-09-08 20:40:26'),
(2, 0, '7VLDVNRIBAGP2', 'http://example.com/', '', '', 'GET', '', '1.1', '', '', 'GET Example.com', '', '2019-09-08 20:42:50'),
(3, 0, 'IS6AQF071HK', 'http://172.18.58.14/adm/', 'root', 'cestyvette', 'GET', '', '1.1', '', '', 'Backend ENT SNIR', '', '2019-09-09 14:40:51'),
(4, 0, 'VC7LTROTMUW', 'https://api.thingspeak.com/channels/12397/feeds.json?results=1', '', '', 'GET', '', '1.1', '', '', 'MathWorks Weather Station', '', '2019-09-09 20:23:49'),
(6, 0, 'HES1V3RUMSZ', 'http://404.php.net/', '', '', 'GET', '', '1.1', '', '', 'Essai avec URL inexistante', '', '2019-09-15 19:59:39'),
(7, 2, 'NS38L9AQSZVT', 'http://touchardinforeseau.servehttp.com/Ruche/api/sendSMS', '', '', 'POST', '', '1.0', '', 'key=RC8IK9LVVYEYZNSM&number=0689744235&message=Alerte Ruche Danemark : Essaimage ou perte de poids importante !', 'Envoyer un SMS Essaimage  à Philippe', '', '2020-05-08 16:26:36'),
(8, 2, 'MSN32ACRMY48PK', 'http://touchardinforeseau.servehttp.com/Ruche/api/sendSMS', '', '', 'POST', 'application/x-www-form-urlencoded', '1.0', '', 'key=RC8IK9LVVYEYZNSM&number=0689744235&message= La batterie est totalement chargée  !', 'Envoyer un SMS Batterie chargée à Philippe', '', '2020-05-08 16:33:30'),
(9, 0, 'JK2RVDDJC5F92', 'http://touchardinforeseau.servehttp.com/Ruche/api/sendSMS', '', '', 'POST', 'application/x-www-form-urlencoded', '1.0', '', 'key=RC8IK9LVVYEYZNSM&number=0689744235&message= La ruche Danemark pèse plus de 50kg.', 'Envoyer SMS à philippe ruche Danemark > 50Kg', '', '2020-05-10 12:12:30'),
(10, 2, 'O74BY1BLTLB', 'http://touchardinforeseau.servehttp.com/Ruche/api/sendSMS', '', '', 'POST', 'application/x-www-form-urlencoded', '1.0', '', 'key=RC8IK9LVVYEYZNSM&number=0689744235&message= La température mesurée sur ruche France est inférieur à 20°C  !\r\n', 'Envoyer SMS Notification temp < 20°C ', '', '2020-05-10 12:21:38'),
(11, 2, 'MLG4K7MQII', 'http://touchardinforeseau.servehttp.com/Ruche/api/sendSMS', '', '', 'POST', 'application/x-www-form-urlencoded', '1.1', '', 'key=9L0V9YXONAUJ0QRH&number=0689744235&message=Alerte  Batterie faible, le taux de charge est de 10%.', 'Envoyer SMS batterie déchargée ', '', '2020-05-13 20:33:08'),
(12, 2, 'AP71BFJCDE1VS', 'http://touchardinforeseau.servehttp.com/Ruche/api/sendSMS', '', '', 'POST', 'application/x-www-form-urlencoded', '1.1', '', 'key=RC8IK9LVVYEYZNSM&number=0689744235&message=Weather Tesse : Pas de data depuis 1 heure', 'Envoyer SMS Weather  no data', '', '2020-05-20 17:08:44'),
(13, 8, 'L4KVTFFTHE3AY', 'http://touchardinforeseau.servehttp.com/Ruche/api/sendSMS', '', '', 'POST', '', '1.0', 'philippes.ddns.net', 'key=ABCD&number=0689744235&message=\"il fait froid\"', 'Envoyer SMS temp < 17 à philippe', '', '2021-02-20 09:42:11');

-- --------------------------------------------------------

--
-- Structure de la table `things`
--

CREATE TABLE `things` (
  `id` int(11) NOT NULL,
  `user_id` int(10) NOT NULL,
  `latitude` decimal(9,6) DEFAULT NULL,
  `longitude` decimal(9,6) DEFAULT NULL,
  `elevation` float NOT NULL,
  `name` varchar(50) NOT NULL,
  `tag` varchar(50) NOT NULL,
  `status` enum('public','private') DEFAULT NULL,
  `local_ip_address` varchar(20) NOT NULL,
  `class` varchar(20) NOT NULL DEFAULT 'objet',
  `idDevice` varchar(20) DEFAULT NULL
) ENGINE=InnoDB DEFAULT CHARSET=utf8mb4 ROW_FORMAT=COMPACT;

--
-- Contenu de la table `things`
--

INSERT INTO `things` (`id`, `user_id`, `latitude`, `longitude`, `elevation`, `name`, `tag`, `status`, `local_ip_address`, `class`, `idDevice`) VALUES
(1, 2, '48.010101', '0.206052', 50, 'Weather station Tessé', 'Tessé', 'public', '192.168.1.10 /24', 'weather', ''),
(2, 2, '47.994801', '0.205072', 48.9, 'Ruche Danemark', 'Danemark', 'public', '172.18.58.106 /24', 'ruche', ''),
(3, 1, '47.994946', '0.204605', 49.4, 'Ruche France', 'France', 'public', '172.18.58.219 /24', 'ruche', ''),
(5, 2, '47.995499', '0.202465', 49.3, 'Gateway-SMS', 'gateway', 'private', '172.18.58.9 /24', 'objet', ''),
(6, 0, '47.995532', '0.202465', 49.3, 'Webcam', 'Webcam', 'private', '172.18.58.253 /24', 'objet', NULL),
(10, 8, '48.144852', '0.358803', 91.2, 'Ruche Muguet', 'Muguet', 'public', '192.168.1.9 /24', 'ruche', 'C32B3A'),
(12, 2, '48.005115', '0.196022', 76.7, 'Ruche Oizé', 'Oizé', 'private', '172.18.58.220 /24', 'objet', 'C32B57'),
(19, 2, '47.811618', '0.109063', 81.5, 'Home_2021', 'Home', 'private', '127.0.0.1 /24', 'objet', '');

-- --------------------------------------------------------

--
-- Structure de la table `timeControls`
--

CREATE TABLE `timeControls` (
  `id` int(11) NOT NULL,
  `user_id` int(11) NOT NULL,
  `name` varchar(100) NOT NULL DEFAULT 'default',
  `month` varchar(50) DEFAULT NULL,
  `dayWeek` varchar(50) DEFAULT NULL,
  `dayMonth` varchar(50) DEFAULT NULL,
  `hour` varchar(50) DEFAULT NULL,
  `minute` varchar(50) DEFAULT NULL,
  `actionable_id` int(11) NOT NULL,
  `actionable_type` varchar(15) DEFAULT NULL,
  `created_at` timestamp NULL DEFAULT current_timestamp()
) ENGINE=InnoDB DEFAULT CHARSET=utf8mb4;

--
-- Contenu de la table `timeControls`
--

INSERT INTO `timeControls` (`id`, `user_id`, `name`, `month`, `dayWeek`, `dayMonth`, `hour`, `minute`, `actionable_id`, `actionable_type`, `created_at`) VALUES
(13, 0, 'test', '*', '*', '*', '*', '15,45', 1, 'scripts', '2021-03-04 21:07:58'),
(16, 2, 'qui suis-je?', '*', '*', '*', '*', '0,30', 3, 'scripts', '2021-03-06 08:08:05');

-- --------------------------------------------------------

--
-- Structure de la table `users`
--

CREATE TABLE `users` (
  `id` int(11) NOT NULL,
  `login` varchar(25) NOT NULL,
  `encrypted_password` varchar(128) NOT NULL,
  `password_salt` varchar(50) DEFAULT NULL,
  `email` varchar(100) DEFAULT NULL,
  `telNumber` varchar(20) DEFAULT NULL,
  `User_API_Key` varchar(50) NOT NULL,
  `Created_at` timestamp NOT NULL DEFAULT current_timestamp(),
  `sign_in_count` int(10) NOT NULL DEFAULT 0,
  `last_sign_in_at` timestamp NOT NULL DEFAULT '0000-00-00 00:00:00',
  `current_sign_in_at` timestamp NULL DEFAULT NULL,
  `time_zone` varchar(25) NOT NULL DEFAULT 'UTC',
  `quotaSMS` int(11) NOT NULL DEFAULT 140,
  `delaySMS` int(11) NOT NULL DEFAULT 15,
  `allow` tinyint(1) NOT NULL DEFAULT 1,
  `droits` int(11) NOT NULL DEFAULT 1,
  `reset_password_token` varchar(128) DEFAULT NULL,
  `language` varchar(50) NOT NULL DEFAULT 'FR',
  `cookieConsent` tinyint(1) NOT NULL DEFAULT 0
) ENGINE=InnoDB DEFAULT CHARSET=utf8mb4;

--
-- Contenu de la table `users`
--

INSERT INTO `users` (`id`, `login`, `encrypted_password`, `password_salt`, `email`, `telNumber`, `User_API_Key`, `Created_at`, `sign_in_count`, `last_sign_in_at`, `current_sign_in_at`, `time_zone`, `quotaSMS`, `delaySMS`, `allow`, `droits`, `reset_password_token`, `language`, `cookieConsent`) VALUES
(0, 'root', '5cd8817d8fdb26fb7dd1d433500b50db51b8e925a2709de97a89abb6b41906a9', 'M06K292ANH0Z5DA0G603', 'philaure@wanadoo.fr', '0689744235', 'RDIK9LVVYEYZYZER', '2019-08-11 10:42:44', 666, '2021-03-06 17:35:00', '2021-03-06 20:36:02', 'Europe/Paris', 140, 15, 1, 2, NULL, 'FR', 1),
(1, 'touchard', 'f786d8bab1d85e1be8ccf62d7adb58f503b6a605c4859f985e4f7dc092aec425', '3O6HAE3T7D3TCX661E8E', 'philippe.simier@ac-nantes.fr', '0689744235', 'RC8IK9LVVYEYZNSM', '2019-06-18 11:40:56', 15, '2020-01-23 07:45:44', '2020-05-07 17:37:30', 'Europe/Paris', 140, 15, 1, 1, NULL, 'FR', 0),
(2, 'philippe', '089f509603f388d3509b303e340c56db29b6774f69a816d073f5be67bde6e5dd', 'ZGNGYYXORKXMLVWW98FZ', 'philippe.simier@ac-nantes.fr', '+33689744235', '9L0V9YXONAUJ0QRH', '2019-06-18 11:40:56', 80, '2020-08-22 08:28:21', '2020-08-25 08:56:57', 'Europe/Paris', 140, 15, 1, 1, NULL, 'EN', 0),
(8, 'vincent', 'bfb3c1c9c8d378a3770918bf6b54eb9d8841d48bb67606dc308edbdbd5a1bb8b', 'A14C6EYC5IHEYEQOHX7J', '', '', 'O3RLHW8AA8QRAY', '2020-01-24 09:24:01', 62, '2020-06-20 07:21:51', '2021-02-20 09:31:09', 'Europe/Paris', 250, 10, 1, 1, NULL, 'EN', 0);

-- --------------------------------------------------------

--
-- Doublure de structure pour la vue `users_channels`
-- (Voir ci-dessous la vue réelle)
--
CREATE TABLE `users_channels` (
`id` int(11)
,`thing_id` int(11)
,`name` varchar(50)
,`tags` varchar(50)
,`write_api_key` varchar(50)
,`last_entry_id` int(11)
,`last_write_at` timestamp
,`user_id` int(11)
,`login` varchar(25)
);

-- --------------------------------------------------------

--
-- Doublure de structure pour la vue `users_things`
-- (Voir ci-dessous la vue réelle)
--
CREATE TABLE `users_things` (
`id` int(11)
,`name` varchar(50)
,`idDevice` varchar(20)
,`USER_API_Key` varchar(50)
,`tag` varchar(50)
);

-- --------------------------------------------------------

--
-- Doublure de structure pour la vue `vue_channels`
-- (Voir ci-dessous la vue réelle)
--
CREATE TABLE `vue_channels` (
`id` int(11)
,`name` varchar(50)
,`description` text
,`latitude` decimal(9,6)
,`longitude` decimal(9,6)
,`elevation` float
,`tag` varchar(50)
,`public_flag` tinyint(1)
,`last_entry_id` int(11)
);

-- --------------------------------------------------------

--
-- Doublure de structure pour la vue `vue_reacts`
-- (Voir ci-dessous la vue réelle)
--
CREATE TABLE `vue_reacts` (
`id` int(11)
,`react_type` varchar(10)
,`login` varchar(25)
,`name` varchar(50)
,`channelCheck` varchar(50)
,`channelId` int(11)
,`field_number` int(11)
,`condition` varchar(15)
,`condition_value` float
,`actionName` varchar(50)
);

-- --------------------------------------------------------

--
-- Doublure de structure pour la vue `vue_scripts`
-- (Voir ci-dessous la vue réelle)
--
CREATE TABLE `vue_scripts` (
`id` int(11)
,`user_id` int(11)
,`name` varchar(50)
,`code` text
,`language` varchar(50)
,`created_at` timestamp
,`login` varchar(25)
);

-- --------------------------------------------------------

--
-- Doublure de structure pour la vue `vue_timeControls`
-- (Voir ci-dessous la vue réelle)
--
CREATE TABLE `vue_timeControls` (
`login` varchar(25)
,`id` int(11)
,`user_id` int(11)
,`name` varchar(100)
,`month` varchar(50)
,`dayWeek` varchar(50)
,`dayMonth` varchar(50)
,`hour` varchar(50)
,`minute` varchar(50)
,`actionable_id` int(11)
,`actionable_type` varchar(15)
);

-- --------------------------------------------------------

--
-- Structure de la table `windows`
--

CREATE TABLE `windows` (
  `id` int(11) NOT NULL,
  `channel_id` int(11) NOT NULL,
  `position` int(11) NOT NULL,
  `html` text DEFAULT NULL,
  `col` int(11) DEFAULT NULL,
  `title` varchar(50) DEFAULT NULL,
  `content_id` int(11) NOT NULL,
  `content_type` varchar(20) NOT NULL,
  `options` text DEFAULT NULL,
  `public_flag` tinyint(1) NOT NULL DEFAULT 1
) ENGINE=InnoDB DEFAULT CHARSET=utf8mb4;

--
-- Contenu de la table `windows`
--

INSERT INTO `windows` (`id`, `channel_id`, `position`, `html`, `col`, `title`, `content_id`, `content_type`, `options`, `public_flag`) VALUES
(1, 539387, 1, NULL, 1, 'test', 243176, 'matlab', NULL, 1),
(2, 539387, 2, NULL, 1, NULL, 1, 'char', NULL, 1),
(3, 539387, 3, NULL, 1, NULL, 2, 'char', NULL, 1),
(4, 539387, 4, NULL, 2, NULL, 3, 'char', NULL, 1),
(5, 539387, 5, NULL, 1, NULL, 4, 'char', NULL, 1),
(6, 539387, 6, NULL, 1, NULL, 5, 'char', NULL, 1),
(7, 539387, 7, NULL, 1, NULL, 6, 'char', NULL, 1);

-- --------------------------------------------------------

--
-- Structure de la vue `login_things`
--
DROP TABLE IF EXISTS `login_things`;

CREATE ALGORITHM=UNDEFINED DEFINER=`ruche`@`%` SQL SECURITY DEFINER VIEW `login_things`  AS  select `things`.`id` AS `id`,`users`.`login` AS `login`,`things`.`name` AS `name`,`things`.`tag` AS `tag`,`things`.`status` AS `status`,`things`.`idDevice` AS `idDevice`,`things`.`local_ip_address` AS `local_ip_address` from (`things` join `users`) where `things`.`user_id` = `users`.`id` ;

-- --------------------------------------------------------

--
-- Structure de la vue `users_channels`
--
DROP TABLE IF EXISTS `users_channels`;

CREATE ALGORITHM=UNDEFINED DEFINER=`ruche`@`%` SQL SECURITY DEFINER VIEW `users_channels`  AS  select `channels`.`id` AS `id`,`channels`.`thing_id` AS `thing_id`,`channels`.`name` AS `name`,`things`.`tag` AS `tags`,`channels`.`write_api_key` AS `write_api_key`,`channels`.`last_entry_id` AS `last_entry_id`,`channels`.`last_write_at` AS `last_write_at`,`users`.`id` AS `user_id`,`users`.`login` AS `login` from ((`channels` join `things`) join `users`) where `channels`.`thing_id` = `things`.`id` and `things`.`user_id` = `users`.`id` ;

-- --------------------------------------------------------

--
-- Structure de la vue `users_things`
--
DROP TABLE IF EXISTS `users_things`;

CREATE ALGORITHM=UNDEFINED DEFINER=`ruche`@`%` SQL SECURITY DEFINER VIEW `users_things`  AS  select `things`.`id` AS `id`,`things`.`name` AS `name`,`things`.`idDevice` AS `idDevice`,`users`.`User_API_Key` AS `USER_API_Key`,`things`.`tag` AS `tag` from (`things` join `users`) where `things`.`user_id` = `users`.`id` ;

-- --------------------------------------------------------

--
-- Structure de la vue `vue_channels`
--
DROP TABLE IF EXISTS `vue_channels`;

CREATE ALGORITHM=UNDEFINED DEFINER=`ruche`@`%` SQL SECURITY DEFINER VIEW `vue_channels`  AS  select `channels`.`id` AS `id`,`channels`.`name` AS `name`,`channels`.`description` AS `description`,`things`.`latitude` AS `latitude`,`things`.`longitude` AS `longitude`,`things`.`elevation` AS `elevation`,`things`.`tag` AS `tag`,`channels`.`public_flag` AS `public_flag`,`channels`.`last_entry_id` AS `last_entry_id` from (`channels` join `things`) where `channels`.`thing_id` = `things`.`id` ;

-- --------------------------------------------------------

--
-- Structure de la vue `vue_reacts`
--
DROP TABLE IF EXISTS `vue_reacts`;

CREATE ALGORITHM=UNDEFINED DEFINER=`ruche`@`%` SQL SECURITY DEFINER VIEW `vue_reacts`  AS  select `reacts`.`id` AS `id`,`reacts`.`react_type` AS `react_type`,`users`.`login` AS `login`,`reacts`.`name` AS `name`,`channels`.`name` AS `channelCheck`,`channels`.`id` AS `channelId`,`reacts`.`field_number` AS `field_number`,`reacts`.`condition` AS `condition`,`reacts`.`condition_value` AS `condition_value`,`thinghttps`.`name` AS `actionName` from (((`users` join `channels`) join `reacts`) join `thinghttps`) where `channels`.`id` = `reacts`.`channel_id` and `reacts`.`actionable_id` = `thinghttps`.`id` and `users`.`id` = `reacts`.`user_id` ;

-- --------------------------------------------------------

--
-- Structure de la vue `vue_scripts`
--
DROP TABLE IF EXISTS `vue_scripts`;

CREATE ALGORITHM=UNDEFINED DEFINER=`ruche`@`%` SQL SECURITY DEFINER VIEW `vue_scripts`  AS  select `scripts`.`id` AS `id`,`scripts`.`user_id` AS `user_id`,`scripts`.`name` AS `name`,`scripts`.`code` AS `code`,`scripts`.`language` AS `language`,`scripts`.`created_at` AS `created_at`,`users`.`login` AS `login` from (`scripts` join `users`) where `scripts`.`user_id` = `users`.`id` ;

-- --------------------------------------------------------

--
-- Structure de la vue `vue_timeControls`
--
DROP TABLE IF EXISTS `vue_timeControls`;

CREATE ALGORITHM=UNDEFINED DEFINER=`ruche`@`%` SQL SECURITY DEFINER VIEW `vue_timeControls`  AS  select `users`.`login` AS `login`,`timeControls`.`id` AS `id`,`timeControls`.`user_id` AS `user_id`,`timeControls`.`name` AS `name`,`timeControls`.`month` AS `month`,`timeControls`.`dayWeek` AS `dayWeek`,`timeControls`.`dayMonth` AS `dayMonth`,`timeControls`.`hour` AS `hour`,`timeControls`.`minute` AS `minute`,`timeControls`.`actionable_id` AS `actionable_id`,`timeControls`.`actionable_type` AS `actionable_type` from (`timeControls` join `users`) where `users`.`id` = `timeControls`.`user_id` ;

--
-- Index pour les tables exportées
--

--
-- Index pour la table `callbacks`
--
ALTER TABLE `callbacks`
  ADD PRIMARY KEY (`id`);

--
-- Index pour la table `channels`
--
ALTER TABLE `channels`
  ADD PRIMARY KEY (`id`),
  ADD UNIQUE KEY `idDevice` (`idDevice`),
  ADD KEY `thing_id` (`thing_id`);

--
-- Index pour la table `failed_logins`
--
ALTER TABLE `failed_logins`
  ADD PRIMARY KEY (`id`);

--
-- Index pour la table `feeds`
--
ALTER TABLE `feeds`
  ADD PRIMARY KEY (`id`),
  ADD KEY `canal` (`id_channel`);

--
-- Index pour la table `Matlab_Visu`
--
ALTER TABLE `Matlab_Visu`
  ADD PRIMARY KEY (`id`);

--
-- Index pour la table `reacts`
--
ALTER TABLE `reacts`
  ADD PRIMARY KEY (`id`),
  ADD UNIQUE KEY `run_insertion_name_channel_id` (`channel_id`,`name`,`run_on_insertion`),
  ADD KEY `index_reacts_on_channel_id_and_run_on_insertion` (`channel_id`,`run_on_insertion`),
  ADD KEY `index_reacts_on_channel_id` (`channel_id`),
  ADD KEY `index_reacts_on_user_id` (`user_id`);

--
-- Index pour la table `scripts`
--
ALTER TABLE `scripts`
  ADD PRIMARY KEY (`id`),
  ADD KEY `user_id` (`user_id`);

--
-- Index pour la table `sigfox`
--
ALTER TABLE `sigfox`
  ADD PRIMARY KEY (`id`),
  ADD KEY `idDevice` (`idDevice`);

--
-- Index pour la table `sigfox_events`
--
ALTER TABLE `sigfox_events`
  ADD PRIMARY KEY (`id`);

--
-- Index pour la table `thinghttps`
--
ALTER TABLE `thinghttps`
  ADD PRIMARY KEY (`id`),
  ADD KEY `user_id` (`user_id`);

--
-- Index pour la table `things`
--
ALTER TABLE `things`
  ADD PRIMARY KEY (`id`),
  ADD KEY `id_user` (`user_id`);

--
-- Index pour la table `timeControls`
--
ALTER TABLE `timeControls`
  ADD PRIMARY KEY (`id`),
  ADD KEY `user_id` (`user_id`) USING BTREE;

--
-- Index pour la table `users`
--
ALTER TABLE `users`
  ADD PRIMARY KEY (`id`),
  ADD UNIQUE KEY `login` (`login`);

--
-- Index pour la table `windows`
--
ALTER TABLE `windows`
  ADD PRIMARY KEY (`id`);

--
-- AUTO_INCREMENT pour les tables exportées
--

--
-- AUTO_INCREMENT pour la table `callbacks`
--
ALTER TABLE `callbacks`
  MODIFY `id` int(11) NOT NULL AUTO_INCREMENT, AUTO_INCREMENT=9;
--
-- AUTO_INCREMENT pour la table `channels`
--
ALTER TABLE `channels`
  MODIFY `id` int(11) NOT NULL AUTO_INCREMENT, AUTO_INCREMENT=788574;
--
-- AUTO_INCREMENT pour la table `failed_logins`
--
ALTER TABLE `failed_logins`
  MODIFY `id` int(11) NOT NULL AUTO_INCREMENT, AUTO_INCREMENT=5;
--
-- AUTO_INCREMENT pour la table `feeds`
--
ALTER TABLE `feeds`
  MODIFY `id` int(11) NOT NULL AUTO_INCREMENT, AUTO_INCREMENT=2301;
--
-- AUTO_INCREMENT pour la table `Matlab_Visu`
--
ALTER TABLE `Matlab_Visu`
  MODIFY `id` int(11) NOT NULL AUTO_INCREMENT, AUTO_INCREMENT=8;
--
-- AUTO_INCREMENT pour la table `reacts`
--
ALTER TABLE `reacts`
  MODIFY `id` int(11) NOT NULL AUTO_INCREMENT, AUTO_INCREMENT=24;
--
-- AUTO_INCREMENT pour la table `scripts`
--
ALTER TABLE `scripts`
  MODIFY `id` int(11) NOT NULL AUTO_INCREMENT, AUTO_INCREMENT=6;
--
-- AUTO_INCREMENT pour la table `sigfox`
--
ALTER TABLE `sigfox`
  MODIFY `id` int(11) NOT NULL AUTO_INCREMENT, AUTO_INCREMENT=49;
--
-- AUTO_INCREMENT pour la table `sigfox_events`
--
ALTER TABLE `sigfox_events`
  MODIFY `id` int(11) NOT NULL AUTO_INCREMENT;
--
-- AUTO_INCREMENT pour la table `thinghttps`
--
ALTER TABLE `thinghttps`
  MODIFY `id` int(11) NOT NULL AUTO_INCREMENT, AUTO_INCREMENT=14;
--
-- AUTO_INCREMENT pour la table `things`
--
ALTER TABLE `things`
  MODIFY `id` int(11) NOT NULL AUTO_INCREMENT, AUTO_INCREMENT=20;
--
-- AUTO_INCREMENT pour la table `timeControls`
--
ALTER TABLE `timeControls`
  MODIFY `id` int(11) NOT NULL AUTO_INCREMENT, AUTO_INCREMENT=18;
--
-- AUTO_INCREMENT pour la table `users`
--
ALTER TABLE `users`
  MODIFY `id` int(11) NOT NULL AUTO_INCREMENT, AUTO_INCREMENT=18;
--
-- AUTO_INCREMENT pour la table `windows`
--
ALTER TABLE `windows`
  MODIFY `id` int(11) NOT NULL AUTO_INCREMENT, AUTO_INCREMENT=8;
--
-- Contraintes pour les tables exportées
--

--
-- Contraintes pour la table `channels`
--
ALTER TABLE `channels`
  ADD CONSTRAINT `channels_ibfk_1` FOREIGN KEY (`thing_id`) REFERENCES `things` (`id`);

--
-- Contraintes pour la table `feeds`
--
ALTER TABLE `feeds`
  ADD CONSTRAINT `feeds_ibfk_1` FOREIGN KEY (`id_channel`) REFERENCES `channels` (`id`);

--
-- Contraintes pour la table `reacts`
--
ALTER TABLE `reacts`
  ADD CONSTRAINT `reacts_ibfk_1` FOREIGN KEY (`channel_id`) REFERENCES `channels` (`id`),
  ADD CONSTRAINT `reacts_ibfk_2` FOREIGN KEY (`user_id`) REFERENCES `users` (`id`);

--
-- Contraintes pour la table `scripts`
--
ALTER TABLE `scripts`
  ADD CONSTRAINT `scripts_ibfk_1` FOREIGN KEY (`user_id`) REFERENCES `users` (`id`);

--
-- Contraintes pour la table `thinghttps`
--
ALTER TABLE `thinghttps`
  ADD CONSTRAINT `thinghttps_ibfk_1` FOREIGN KEY (`user_id`) REFERENCES `users` (`id`);

--
-- Contraintes pour la table `things`
--
ALTER TABLE `things`
  ADD CONSTRAINT `things_ibfk_1` FOREIGN KEY (`user_id`) REFERENCES `users` (`id`);

--
-- Contraintes pour la table `timeControls`
--
ALTER TABLE `timeControls`
  ADD CONSTRAINT `timeControls_ibfk_1` FOREIGN KEY (`user_id`) REFERENCES `users` (`id`);

/*!40101 SET CHARACTER_SET_CLIENT=@OLD_CHARACTER_SET_CLIENT */;
/*!40101 SET CHARACTER_SET_RESULTS=@OLD_CHARACTER_SET_RESULTS */;
/*!40101 SET COLLATION_CONNECTION=@OLD_COLLATION_CONNECTION */;
